[{"model": "admin.logentry", "pk": 1, "fields": {"action_time": "2022-11-21T13:41:57.042Z", "user": 1, "content_type": 4, "object_id": "2", "object_repr": "Alice", "action_flag": 1, "change_message": "[{\"added\": {}}]"}}, {"model": "admin.logentry", "pk": 2, "fields": {"action_time": "2022-11-21T13:42:06.173Z", "user": 1, "content_type": 4, "object_id": "3", "object_repr": "Bob", "action_flag": 1, "change_message": "[{\"added\": {}}]"}}, {"model": "admin.logentry", "pk": 3, "fields": {"action_time": "2022-11-21T13:42:11.677Z", "user": 1, "content_type": 4, "object_id": "4", "object_repr": "Carol", "action_flag": 1, "change_message": "[{\"added\": {}}]"}}, {"model": "admin.logentry", "pk": 4, "fields": {"action_time": "2022-11-21T13:42:17.068Z", "user": 1, "content_type": 4, "object_id": "5", "object_repr": "Dave", "action_flag": 1, "change_message": "[{\"added\": {}}]"}}, {"model": "admin.logentry", "pk": 5, "fields": {"action_time": "2022-11-21T13:42:48.245Z", "user": 1, "content_type": 4, "object_id": "2", "object_repr": "Alice", "action_flag": 2, "change_message": "[{\"changed\": {\"fields\": [\"First name\", \"Last name\", \"Email address\"]}}]"}}, {"model": "admin.logentry", "pk": 6, "fields": {"action_time": "2022-11-21T13:43:08.241Z", "user": 1, "content_type": 4, "object_id": "3", "object_repr": "Bob", "action_flag": 2, "change_message": "[{\"changed\": {\"fields\": [\"First name\", \"Last name\", \"Email address\"]}}]"}}, {"model": "admin.logentry", "pk": 7, "fields": {"action_time": "2022-11-21T13:43:37.020Z", "user": 1, "content_type": 4, "object_id": "4", "object_repr": "Carol", "action_flag": 2, "change_message": "[{\"changed\": {\"fields\": [\"First name\", \"Last name\", \"Email address\"]}}]"}}, {"model": "admin.logentry", "pk": 8, "fields": {"action_time": "2022-11-21T13:44:26.690Z", "user": 1, "content_type": 4, "object_id": "5", "object_repr": "Dave", "action_flag": 2, "change_message": "[{\"changed\": {\"fields\": [\"First name\", \"Last name\", \"Email address\"]}}]"}}, {"model": "admin.logentry", "pk": 9, "fields": {"action_time": "2022-11-21T13:44:36.095Z", "user": 1, "content_type": 4, "object_id": "1", "object_repr": "root", "action_flag": 2, "change_message": "[{\"changed\": {\"fields\": [\"First name\", \"Last name\"]}}]"}}, {"model": "admin.logentry", "pk": 10, "fields": {"action_time": "2022-11-21T13:45:04.841Z", "user": 1, "content_type": 19, "object_id": "1", "object_repr": "024", "action_flag": 1, "change_message": "[{\"added\": {}}]"}}, {"model": "admin.logentry", "pk": 11, "fields": {"action_time": "2022-11-21T13:45:13.858Z", "user": 1, "content_type": 18, "object_id": "1", "object_repr": "FR", "action_flag": 1, "change_message": "[{\"added\": {}}]"}}, {"model": "admin.logentry", "pk": 12, "fields": {"action_time": "2022-11-21T13:45:16.698Z", "user": 1, "content_type": 21, "object_id": "1", "object_repr": "Alice", "action_flag": 1, "change_message": "[{\"added\": {}}]"}}, {"model": "admin.logentry", "pk": 13, "fields": {"action_time": "2022-11-21T13:45:25.172Z", "user": 1, "content_type": 21, "object_id": "2", "object_repr": "Bob", "action_flag": 1, "change_message": "[{\"added\": {}}]"}}, {"model": "admin.logentry", "pk": 14, "fields": {"action_time": "2022-11-21T13:45:38.147Z", "user": 1, "content_type": 21, "object_id": "3", "object_repr": "Carol", "action_flag": 1, "change_message": "[{\"added\": {}}]"}}, {"model": "admin.logentry", "pk": 15, "fields": {"action_time": "2022-11-21T13:46:51.805Z", "user": 1, "content_type": 21, "object_id": "4", "object_repr": "Dave", "action_flag": 1, "change_message": "[{\"added\": {}}]"}}, {"model": "admin.logentry", "pk": 16, "fields": {"action_time": "2022-11-21T13:47:13.219Z", "user": 1, "content_type": 16, "object_id": "1", "object_repr": "Soirées", "action_flag": 1, "change_message": "[{\"added\": {}}]"}}, {"model": "admin.logentry", "pk": 17, "fields": {"action_time": "2022-11-21T13:47:15.006Z", "user": 1, "content_type": 17, "object_id": "1", "object_repr": "Foyer", "action_flag": 1, "change_message": "[{\"added\": {}}]"}}, {"model": "admin.logentry", "pk": 18, "fields": {"action_time": "2022-11-21T13:47:35.192Z", "user": 1, "content_type": 16, "object_id": "2", "object_repr": "Informatique", "action_flag": 1, "change_message": "[{\"added\": {}}]"}}, {"model": "admin.logentry", "pk": 19, "fields": {"action_time": "2022-11-21T13:47:38.350Z", "user": 1, "content_type": 17, "object_id": "2", "object_repr": "Club Informatique", "action_flag": 1, "change_message": "[{\"added\": {}}]"}}, {"model": "admin.logentry", "pk": 20, "fields": {"action_time": "2022-11-21T13:47:52.319Z", "user": 1, "content_type": 20, "object_id": "1", "object_repr": "Présidente", "action_flag": 1, "change_message": "[{\"added\": {}}]"}}, {"model": "admin.logentry", "pk": 21, "fields": {"action_time": "2022-11-21T13:47:57.154Z", "user": 1, "content_type": 22, "object_id": "1", "object_repr": "Club Informatique : Alice", "action_flag": 1, "change_message": "[{\"added\": {}}]"}}, {"model": "admin.logentry", "pk": 22, "fields": {"action_time": "2022-11-21T13:48:03.619Z", "user": 1, "content_type": 20, "object_id": "2", "object_repr": "Président", "action_flag": 1, "change_message": "[{\"added\": {}}]"}}, {"model": "admin.logentry", "pk": 23, "fields": {"action_time": "2022-11-21T13:48:08.665Z", "user": 1, "content_type": 22, "object_id": "2", "object_repr": "Foyer : Bob", "action_flag": 1, "change_message": "[{\"added\": {}}]"}}, {"model": "admin.logentry", "pk": 24, "fields": {"action_time": "2022-11-21T13:48:41.548Z", "user": 1, "content_type": 21, "object_id": "5", "object_repr": "root", "action_flag": 1, "change_message": "[{\"added\": {}}]"}}, {"model": "admin.logentry", "pk": 25, "fields": {"action_time": "2022-12-12T13:58:20.309Z", "user": 1, "content_type": 12, "object_id": "1", "object_repr": "oifh", "action_flag": 3, "change_message": ""}}, {"model": "admin.logentry", "pk": 26, "fields": {"action_time": "2022-12-12T14:19:17.428Z", "user": 1, "content_type": 30, "object_id": "1", "object_repr": "Teacher object (1)", "action_flag": 1, "change_message": "[{\"added\": {}}]"}}, {"model": "admin.logentry", "pk": 27, "fields": {"action_time": "2022-12-12T14:19:32.562Z", "user": 1, "content_type": 28, "object_id": "1", "object_repr": "Course object (1)", "action_flag": 1, "change_message": "[{\"added\": {}}]"}}, {"model": "admin.logentry", "pk": 28, "fields": {"action_time": "2022-12-12T14:24:37.526Z", "user": 1, "content_type": 32, "object_id": "4", "object_repr": "Mécanique des milieux continus : Luc Dormieux", "action_flag": 1, "change_message": "[{\"added\": {}}]"}}, {"model": "admin.logentry", "pk": 29, "fields": {"action_time": "2022-12-12T14:25:08.893Z", "user": 1, "content_type": 29, "object_id": "1", "object_repr": "Mécanique des milieux continus : Alice", "action_flag": 1, "change_message": "[{\"added\": {}}]"}}, {"model": "admin.logentry", "pk": 30, "fields": {"action_time": "2022-12-12T14:25:29.948Z", "user": 1, "content_type": 31, "object_id": "1", "object_repr": "Mécanique des milieux continus : Mécanique des milieux continus", "action_flag": 1, "change_message": "[{\"added\": {}}]"}}, {"model": "admin.logentry", "pk": 31, "fields": {"action_time": "2022-12-12T14:44:24.768Z", "user": 1, "content_type": 10, "object_id": "1", "object_repr": "Test", "action_flag": 1, "change_message": "[{\"added\": {}}]"}}, {"model": "admin.logentry", "pk": 32, "fields": {"action_time": "2022-12-12T14:45:06.727Z", "user": 1, "content_type": 10, "object_id": "1", "object_repr": "Test", "action_flag": 2, "change_message": "[{\"changed\": {\"fields\": [\"End\"]}}]"}}, {"model": "admin.logentry", "pk": 33, "fields": {"action_time": "2022-12-12T15:06:49.292Z", "user": 1, "content_type": 10, "object_id": "1", "object_repr": "Test", "action_flag": 2, "change_message": "[{\"changed\": {\"fields\": [\"Date\", \"End\"]}}]"}}, {"model": "admin.logentry", "pk": 34, "fields": {"action_time": "2022-12-12T15:08:30.220Z", "user": 1, "content_type": 10, "object_id": "1", "object_repr": "[SPA] Cours", "action_flag": 2, "change_message": "[{\"changed\": {\"fields\": [\"Name\", \"Description\", \"Club\", \"Date\", \"End\"]}}]"}}, {"model": "admin.logentry", "pk": 35, "fields": {"action_time": "2022-12-12T15:09:04.902Z", "user": 1, "content_type": 10, "object_id": "2", "object_repr": "[ANG] Cours", "action_flag": 1, "change_message": "[{\"added\": {}}]"}}, {"model": "admin.logentry", "pk": 36, "fields": {"action_time": "2022-12-12T15:09:36.712Z", "user": 1, "content_type": 10, "object_id": "3", "object_repr": "[TDLOG] Cours", "action_flag": 1, "change_message": "[{\"added\": {}}]"}}, {"model": "admin.logentry", "pk": 37, "fields": {"action_time": "2022-12-12T15:10:13.482Z", "user": 1, "content_type": 10, "object_id": "4", "object_repr": "[THEOJ] Cours", "action_flag": 1, "change_message": "[{\"added\": {}}]"}}, {"model": "admin.logentry", "pk": 38, "fields": {"action_time": "2022-12-12T15:10:46.876Z", "user": 1, "content_type": 10, "object_id": "5", "object_repr": "[ESP] Cours", "action_flag": 1, "change_message": "[{\"added\": {}}]"}}, {"model": "admin.logentry", "pk": 39, "fields": {"action_time": "2022-12-12T15:11:28.136Z", "user": 1, "content_type": 10, "object_id": "6", "object_repr": "[ESP] Cours", "action_flag": 1, "change_message": "[{\"added\": {}}]"}}, {"model": "admin.logentry", "pk": 40, "fields": {"action_time": "2022-12-12T15:12:47.172Z", "user": 1, "content_type": 10, "object_id": "7", "object_repr": "[REOP] Cours", "action_flag": 1, "change_message": "[{\"added\": {}}]"}}, {"model": "admin.logentry", "pk": 41, "fields": {"action_time": "2022-12-12T15:13:33.147Z", "user": 1, "content_type": 10, "object_id": "8", "object_repr": "[DEEPL] Cours", "action_flag": 1, "change_message": "[{\"added\": {}}]"}}, {"model": "admin.logentry", "pk": 42, "fields": {"action_time": "2022-12-12T15:14:14.712Z", "user": 1, "content_type": 10, "object_id": "9", "object_repr": "[MOPSI]", "action_flag": 1, "change_message": "[{\"added\": {}}]"}}, {"model": "admin.logentry", "pk": 43, "fields": {"action_time": "2022-12-12T15:14:59.670Z", "user": 1, "content_type": 10, "object_id": "10", "object_repr": "[GEOPO] Cours", "action_flag": 1, "change_message": "[{\"added\": {}}]"}}, {"model": "admin.logentry", "pk": 44, "fields": {"action_time": "2022-12-12T15:15:42.588Z", "user": 1, "content_type": 10, "object_id": "11", "object_repr": "[STAT] Cours", "action_flag": 1, "change_message": "[{\"added\": {}}]"}}, {"model": "admin.logentry", "pk": 45, "fields": {"action_time": "2022-12-12T15:24:19.193Z", "user": 1, "content_type": 30, "object_id": "2", "object_repr": "Gabriel Stoltz", "action_flag": 1, "change_message": "[{\"added\": {}}]"}}, {"model": "admin.logentry", "pk": 46, "fields": {"action_time": "2022-12-12T15:24:28.806Z", "user": 1, "content_type": 28, "object_id": "2", "object_repr": "AnaCS", "action_flag": 1, "change_message": "[{\"added\": {}}]"}}, {"model": "admin.logentry", "pk": 47, "fields": {"action_time": "2023-01-01T20:43:45.496Z", "user": 1, "content_type": 29, "object_id": "2", "object_repr": "Mécanique des milieux continus : root", "action_flag": 1, "change_message": "[{\"added\": {}}]"}}, {"model": "admin.logentry", "pk": 48, "fields": {"action_time": "2023-01-02T14:13:40.602Z", "user": 1, "content_type": 30, "object_id": "3", "object_repr": "Xavier Clerc", "action_flag": 1, "change_message": "[{\"added\": {}}]"}}, {"model": "admin.logentry", "pk": 49, "fields": {"action_time": "2023-01-02T14:15:34.612Z", "user": 1, "content_type": 28, "object_id": "3", "object_repr": "Techniques de développement logiciel", "action_flag": 1, "change_message": "[{\"added\": {}}]"}}, {"model": "admin.logentry", "pk": 50, "fields": {"action_time": "2023-01-02T15:18:00.469Z", "user": 1, "content_type": 12, "object_id": "3", "object_repr": "Mini mémoire de THEOJ gratuit", "action_flag": 1, "change_message": "[{\"added\": {}}]"}}, {"model": "admin.logentry", "pk": 51, "fields": {"action_time": "2023-01-02T15:18:05.930Z", "user": 1, "content_type": 33, "object_id": "1", "object_repr": "Resources object (1)", "action_flag": 1, "change_message": "[{\"added\": {}}]"}}, {"model": "admin.logentry", "pk": 52, "fields": {"action_time": "2023-01-02T15:50:50.519Z", "user": 1, "content_type": 33, "object_id": "1", "object_repr": "Resource object (1)", "action_flag": 3, "change_message": ""}}, {"model": "admin.logentry", "pk": 53, "fields": {"action_time": "2023-01-02T15:53:11.499Z", "user": 1, "content_type": 33, "object_id": "2", "object_repr": "Resource object (2)", "action_flag": 1, "change_message": "[{\"added\": {}}]"}}, {"model": "admin.logentry", "pk": 54, "fields": {"action_time": "2023-01-09T14:12:23.246Z", "user": 1, "content_type": 12, "object_id": "3", "object_repr": "Mini mémoire de THEOJ gratuit", "action_flag": 2, "change_message": "[{\"changed\": {\"fields\": [\"Dislikes\"]}}]"}}, {"model": "admin.logentry", "pk": 55, "fields": {"action_time": "2023-01-09T14:17:30.159Z", "user": 1, "content_type": 12, "object_id": "3", "object_repr": "Mini mémoire de THEOJ gratuit", "action_flag": 2, "change_message": "[]"}}, {"model": "admin.logentry", "pk": 56, "fields": {"action_time": "2023-01-20T16:09:12.790Z", "user": 1, "content_type": 40, "object_id": "1", "object_repr": "Timeslot object (1)", "action_flag": 1, "change_message": "[{\"added\": {}}]"}}, {"model": "admin.logentry", "pk": 57, "fields": {"action_time": "2023-01-20T16:10:29.330Z", "user": 1, "content_type": 29, "object_id": "2", "object_repr": "Mécanique des milieux continus : root", "action_flag": 3, "change_message": ""}}, {"model": "admin.logentry", "pk": 58, "fields": {"action_time": "2023-01-20T16:10:47.802Z", "user": 1, "content_type": 29, "object_id": "3", "object_repr": "Mécanique des milieux continus : root", "action_flag": 1, "change_message": "[{\"added\": {}}]"}}, {"model": "admin.logentry", "pk": 59, "fields": {"action_time": "2023-01-20T16:15:05.692Z", "user": 1, "content_type": 28, "object_id": "3", "object_repr": "Techniques de développement logiciel", "action_flag": 2, "change_message": "[]"}}, {"model": "admin.logentry", "pk": 60, "fields": {"action_time": "2023-01-20T16:16:15.477Z", "user": 1, "content_type": 30, "object_id": "4", "object_repr": "Jean-François Delmas", "action_flag": 1, "change_message": "[{\"added\": {}}]"}}, {"model": "admin.logentry", "pk": 61, "fields": {"action_time": "2023-01-20T16:16:34.571Z", "user": 1, "content_type": 28, "object_id": "4", "object_repr": "Processus stochastiques et applications", "action_flag": 1, "change_message": "[{\"added\": {}}]"}}, {"model": "admin.logentry", "pk": 62, "fields": {"action_time": "2023-01-20T16:18:37.295Z", "user": 1, "content_type": 30, "object_id": "5", "object_repr": "Bruno Zilitto", "action_flag": 1, "change_message": "[{\"added\": {}}]"}}, {"model": "admin.logentry", "pk": 63, "fields": {"action_time": "2023-01-20T16:19:43.007Z", "user": 1, "content_type": 28, "object_id": "5", "object_repr": "Théorie des jeux", "action_flag": 1, "change_message": "[{\"added\": {}}]"}}, {"model": "admin.logentry", "pk": 64, "fields": {"action_time": "2023-01-20T16:20:08.633Z", "user": 1, "content_type": 30, "object_id": "6", "object_repr": "Professeur anonyme", "action_flag": 1, "change_message": "[{\"added\": {}}]"}}, {"model": "admin.logentry", "pk": 65, "fields": {"action_time": "2023-01-20T16:20:15.221Z", "user": 1, "content_type": 28, "object_id": "6", "object_repr": "Deep Learning", "action_flag": 1, "change_message": "[{\"added\": {}}]"}}, {"model": "admin.logentry", "pk": 66, "fields": {"action_time": "2023-01-20T16:20:52.848Z", "user": 1, "content_type": 30, "object_id": "7", "object_repr": "Pascal Monasse", "action_flag": 1, "change_message": "[{\"added\": {}}]"}}, {"model": "admin.logentry", "pk": 67, "fields": {"action_time": "2023-01-20T16:20:59.216Z", "user": 1, "content_type": 28, "object_id": "7", "object_repr": "Programmation avancée et algorithmie", "action_flag": 1, "change_message": "[{\"added\": {}}]"}}, {"model": "admin.logentry", "pk": 68, "fields": {"action_time": "2023-01-20T16:21:29.759Z", "user": 1, "content_type": 30, "object_id": "8", "object_repr": "Audrey Sérandour", "action_flag": 1, "change_message": "[{\"added\": {}}]"}}, {"model": "admin.logentry", "pk": 69, "fields": {"action_time": "2023-01-20T16:21:31.970Z", "user": 1, "content_type": 28, "object_id": "8", "object_repr": "Géopolitique des objets", "action_flag": 1, "change_message": "[{\"added\": {}}]"}}, {"model": "admin.logentry", "pk": 70, "fields": {"action_time": "2023-01-20T16:21:57.429Z", "user": 1, "content_type": 30, "object_id": "9", "object_repr": "Julien Reynier", "action_flag": 1, "change_message": "[{\"added\": {}}]"}}, {"model": "admin.logentry", "pk": 71, "fields": {"action_time": "2023-01-20T16:22:02.104Z", "user": 1, "content_type": 28, "object_id": "9", "object_repr": "Statistique et Analyse de Données", "action_flag": 1, "change_message": "[{\"added\": {}}]"}}, {"model": "admin.logentry", "pk": 72, "fields": {"action_time": "2023-01-20T16:23:39.624Z", "user": 1, "content_type": 32, "object_id": "5", "object_repr": "Techniques de développement logiciel (1) : Xavier Clerc", "action_flag": 1, "change_message": "[{\"added\": {}}]"}}, {"model": "admin.logentry", "pk": 73, "fields": {"action_time": "2023-01-20T16:23:44.253Z", "user": 1, "content_type": 29, "object_id": "4", "object_repr": "Techniques de développement logiciel : root", "action_flag": 1, "change_message": "[{\"added\": {}}]"}}, {"model": "admin.logentry", "pk": 74, "fields": {"action_time": "2023-01-20T16:23:58.318Z", "user": 1, "content_type": 32, "object_id": "6", "object_repr": "Processus stochastiques et applications (1) : Jean-François Delmas", "action_flag": 1, "change_message": "[{\"added\": {}}]"}}, {"model": "admin.logentry", "pk": 75, "fields": {"action_time": "2023-01-20T16:24:01.866Z", "user": 1, "content_type": 29, "object_id": "5", "object_repr": "Processus stochastiques et applications : root", "action_flag": 1, "change_message": "[{\"added\": {}}]"}}, {"model": "admin.logentry", "pk": 76, "fields": {"action_time": "2023-01-20T16:24:34.754Z", "user": 1, "content_type": 32, "object_id": "7", "object_repr": "Théorie des jeux (1) : Bruno Zilitto", "action_flag": 1, "change_message": "[{\"added\": {}}]"}}, {"model": "admin.logentry", "pk": 77, "fields": {"action_time": "2023-01-20T16:24:42.943Z", "user": 1, "content_type": 29, "object_id": "6", "object_repr": "Théorie des jeux : root", "action_flag": 1, "change_message": "[{\"added\": {}}]"}}, {"model": "admin.logentry", "pk": 78, "fields": {"action_time": "2023-01-20T16:24:53.300Z", "user": 1, "content_type": 32, "object_id": "8", "object_repr": "Deep Learning (1) : Professeur anonyme", "action_flag": 1, "change_message": "[{\"added\": {}}]"}}, {"model": "admin.logentry", "pk": 79, "fields": {"action_time": "2023-01-20T16:24:56.175Z", "user": 1, "content_type": 29, "object_id": "7", "object_repr": "Deep Learning : root", "action_flag": 1, "change_message": "[{\"added\": {}}]"}}, {"model": "admin.logentry", "pk": 80, "fields": {"action_time": "2023-01-20T16:25:09.164Z", "user": 1, "content_type": 32, "object_id": "9", "object_repr": "Programmation avancée et algorithmie (1) : Pascal Monasse", "action_flag": 1, "change_message": "[{\"added\": {}}]"}}, {"model": "admin.logentry", "pk": 81, "fields": {"action_time": "2023-01-20T16:25:13.053Z", "user": 1, "content_type": 29, "object_id": "8", "object_repr": "Programmation avancée et algorithmie : root", "action_flag": 1, "change_message": "[{\"added\": {}}]"}}, {"model": "admin.logentry", "pk": 82, "fields": {"action_time": "2023-01-20T16:26:01.855Z", "user": 1, "content_type": 32, "object_id": "10", "object_repr": "Géopolitique des objets (1) : Audrey Sérandour", "action_flag": 1, "change_message": "[{\"added\": {}}]"}}, {"model": "admin.logentry", "pk": 83, "fields": {"action_time": "2023-01-20T16:26:03.938Z", "user": 1, "content_type": 29, "object_id": "9", "object_repr": "Géopolitique des objets : root", "action_flag": 1, "change_message": "[{\"added\": {}}]"}}, {"model": "admin.logentry", "pk": 84, "fields": {"action_time": "2023-01-20T16:26:12.981Z", "user": 1, "content_type": 32, "object_id": "11", "object_repr": "Statistique et Analyse de Données (1) : Julien Reynier", "action_flag": 1, "change_message": "[{\"added\": {}}]"}}, {"model": "admin.logentry", "pk": 85, "fields": {"action_time": "2023-01-20T16:26:15.665Z", "user": 1, "content_type": 29, "object_id": "10", "object_repr": "Statistique et Analyse de Données : root", "action_flag": 1, "change_message": "[{\"added\": {}}]"}}, {"model": "admin.logentry", "pk": 86, "fields": {"action_time": "2023-01-20T16:26:45.478Z", "user": 1, "content_type": 29, "object_id": "3", "object_repr": "Mécanique des milieux continus : root", "action_flag": 3, "change_message": ""}}, {"model": "admin.logentry", "pk": 87, "fields": {"action_time": "2023-01-20T16:31:48.599Z", "user": 1, "content_type": 30, "object_id": "10", "object_repr": "Axel Parmentier", "action_flag": 1, "change_message": "[{\"added\": {}}]"}}, {"model": "admin.logentry", "pk": 88, "fields": {"action_time": "2023-01-20T16:31:53.401Z", "user": 1, "content_type": 28, "object_id": "10", "object_repr": "Recherche Opérationnelle", "action_flag": 1, "change_message": "[{\"added\": {}}]"}}, {"model": "admin.logentry", "pk": 89, "fields": {"action_time": "2023-01-20T16:32:17.054Z", "user": 1, "content_type": 32, "object_id": "17", "object_repr": "Recherche Opérationnelle (1) : Axel Parmentier", "action_flag": 1, "change_message": "[{\"added\": {}}]"}}, {"model": "admin.logentry", "pk": 90, "fields": {"action_time": "2023-01-20T16:32:20.220Z", "user": 1, "content_type": 29, "object_id": "11", "object_repr": "Recherche Opérationnelle : root", "action_flag": 1, "change_message": "[{\"added\": {}}]"}}, {"model": "admin.logentry", "pk": 91, "fields": {"action_time": "2023-01-20T16:35:27.694Z", "user": 1, "content_type": 29, "object_id": "5", "object_repr": "Processus stochastiques et applications : root", "action_flag": 2, "change_message": "[{\"changed\": {\"fields\": [\"Group\"]}}]"}}, {"model": "admin.logentry", "pk": 92, "fields": {"action_time": "2023-01-20T16:35:42.932Z", "user": 1, "content_type": 32, "object_id": "15", "object_repr": "Processus stochastiques et applications (2) : Jean-François Delmas", "action_flag": 3, "change_message": ""}}, {"model": "admin.logentry", "pk": 93, "fields": {"action_time": "2023-01-20T19:42:08.900Z", "user": 1, "content_type": 22, "object_id": "3", "object_repr": "Club Informatique : root", "action_flag": 1, "change_message": "[{\"added\": {}}]"}}, {"model": "admin.logentry", "pk": 94, "fields": {"action_time": "2023-01-20T19:47:21.425Z", "user": 1, "content_type": 10, "object_id": "12", "object_repr": "OBTP", "action_flag": 1, "change_message": "[{\"added\": {}}]"}}, {"model": "admin.logentry", "pk": 95, "fields": {"action_time": "2023-01-20T19:48:48.021Z", "user": 1, "content_type": 10, "object_id": "13", "object_repr": "LAN", "action_flag": 1, "change_message": "[{\"added\": {}}]"}}, {"model": "admin.logentry", "pk": 96, "fields": {"action_time": "2023-01-20T19:51:56.103Z", "user": 1, "content_type": 10, "object_id": "13", "object_repr": "LAN", "action_flag": 2, "change_message": "[{\"changed\": {\"fields\": [\"End\"]}}]"}}, {"model": "admin.logentry", "pk": 97, "fields": {"action_time": "2023-01-20T20:08:14.411Z", "user": 1, "content_type": 10, "object_id": "1", "object_repr": "[SPA] Cours", "action_flag": 3, "change_message": ""}}, {"model": "admin.logentry", "pk": 98, "fields": {"action_time": "2023-01-20T20:08:14.422Z", "user": 1, "content_type": 10, "object_id": "2", "object_repr": "[ANG] Cours", "action_flag": 3, "change_message": ""}}, {"model": "admin.logentry", "pk": 99, "fields": {"action_time": "2023-01-20T20:08:14.424Z", "user": 1, "content_type": 10, "object_id": "3", "object_repr": "[TDLOG] Cours", "action_flag": 3, "change_message": ""}}, {"model": "admin.logentry", "pk": 100, "fields": {"action_time": "2023-01-20T20:08:14.426Z", "user": 1, "content_type": 10, "object_id": "4", "object_repr": "[THEOJ] Cours", "action_flag": 3, "change_message": ""}}, {"model": "admin.logentry", "pk": 101, "fields": {"action_time": "2023-01-20T20:08:14.428Z", "user": 1, "content_type": 10, "object_id": "5", "object_repr": "[ESP] Cours", "action_flag": 3, "change_message": ""}}, {"model": "admin.logentry", "pk": 102, "fields": {"action_time": "2023-01-20T20:08:14.430Z", "user": 1, "content_type": 10, "object_id": "6", "object_repr": "[ESP] Cours", "action_flag": 3, "change_message": ""}}, {"model": "admin.logentry", "pk": 103, "fields": {"action_time": "2023-01-20T20:08:14.432Z", "user": 1, "content_type": 10, "object_id": "7", "object_repr": "[REOP] Cours", "action_flag": 3, "change_message": ""}}, {"model": "admin.logentry", "pk": 104, "fields": {"action_time": "2023-01-20T20:08:14.435Z", "user": 1, "content_type": 10, "object_id": "8", "object_repr": "[DEEPL] Cours", "action_flag": 3, "change_message": ""}}, {"model": "admin.logentry", "pk": 105, "fields": {"action_time": "2023-01-20T20:08:14.436Z", "user": 1, "content_type": 10, "object_id": "9", "object_repr": "[MOPSI]", "action_flag": 3, "change_message": ""}}, {"model": "admin.logentry", "pk": 106, "fields": {"action_time": "2023-01-20T20:08:14.438Z", "user": 1, "content_type": 10, "object_id": "10", "object_repr": "[GEOPO] Cours", "action_flag": 3, "change_message": ""}}, {"model": "admin.logentry", "pk": 107, "fields": {"action_time": "2023-01-20T20:08:14.440Z", "user": 1, "content_type": 10, "object_id": "11", "object_repr": "[STAT] Cours", "action_flag": 3, "change_message": ""}}, {"model": "admin.logentry", "pk": 108, "fields": {"action_time": "2023-01-20T20:08:31.326Z", "user": 1, "content_type": 10, "object_id": "12", "object_repr": "Open Bar", "action_flag": 2, "change_message": "[{\"changed\": {\"fields\": [\"Name\"]}}]"}}, {"model": "admin.logentry", "pk": 109, "fields": {"action_time": "2023-01-20T20:09:46.976Z", "user": 1, "content_type": 10, "object_id": "14", "object_repr": "Conférence La Tribune", "action_flag": 1, "change_message": "[{\"added\": {}}]"}}, {"model": "admin.logentry", "pk": 110, "fields": {"action_time": "2023-01-20T20:12:35.575Z", "user": 1, "content_type": 10, "object_id": "15", "object_repr": "Soutien scolaire DVP", "action_flag": 1, "change_message": "[{\"added\": {}}]"}}, {"model": "admin.logentry", "pk": 111, "fields": {"action_time": "2023-01-20T20:13:24.768Z", "user": 1, "content_type": 10, "object_id": "13", "object_repr": "Soirée jeux vidéos", "action_flag": 2, "change_message": "[{\"changed\": {\"fields\": [\"Date\", \"End\"]}}]"}}, {"model": "admin.logentry", "pk": 112, "fields": {"action_time": "2023-01-20T20:13:57.945Z", "user": 1, "content_type": 10, "object_id": "13", "object_repr": "Soirée jeux vidéos", "action_flag": 2, "change_message": "[{\"changed\": {\"fields\": [\"End\"]}}]"}}, {"model": "admin.logentry", "pk": 113, "fields": {"action_time": "2023-01-20T20:14:28.112Z", "user": 1, "content_type": 10, "object_id": "13", "object_repr": "Soirée jeux vidéos", "action_flag": 2, "change_message": "[{\"changed\": {\"fields\": [\"End\"]}}]"}}, {"model": "admin.logentry", "pk": 114, "fields": {"action_time": "2023-01-20T20:14:45.440Z", "user": 1, "content_type": 10, "object_id": "12", "object_repr": "Open Bar", "action_flag": 2, "change_message": "[{\"changed\": {\"fields\": [\"Date\"]}}]"}}, {"model": "admin.logentry", "pk": 115, "fields": {"action_time": "2023-01-20T22:10:07.874Z", "user": 1, "content_type": 12, "object_id": "3", "object_repr": "Correction d'exercices en THEOJ", "action_flag": 2, "change_message": "[{\"changed\": {\"fields\": [\"Illustration\"]}}]"}}, {"model": "admin.logentry", "pk": 116, "fields": {"action_time": "2023-01-20T22:10:52.782Z", "user": 1, "content_type": 12, "object_id": "3", "object_repr": "Correction d'exercices en THEOJ", "action_flag": 2, "change_message": "[]"}}, {"model": "admin.logentry", "pk": 117, "fields": {"action_time": "2023-01-20T22:12:23.592Z", "user": 1, "content_type": 12, "object_id": "4", "object_repr": "Correction d'exercices en THEOJ", "action_flag": 1, "change_message": "[{\"added\": {}}]"}}, {"model": "admin.logentry", "pk": 118, "fields": {"action_time": "2023-01-20T22:13:08.863Z", "user": 1, "content_type": 12, "object_id": "4", "object_repr": "Correction d'exercices en THEOJ", "action_flag": 2, "change_message": "[{\"changed\": {\"fields\": [\"Illustration\"]}}]"}}, {"model": "admin.logentry", "pk": 119, "fields": {"action_time": "2023-01-20T22:16:47.198Z", "user": 1, "content_type": 12, "object_id": "4", "object_repr": "Formation Handimanagement", "action_flag": 2, "change_message": "[{\"changed\": {\"fields\": [\"Title\", \"Illustration\", \"Content\"]}}]"}}, {"model": "admin.logentry", "pk": 120, "fields": {"action_time": "2023-01-23T12:50:31.194Z", "user": 1, "content_type": 28, "object_id": "10", "object_repr": "Recherche Opérationnelle", "action_flag": 3, "change_message": ""}}, {"model": "admin.logentry", "pk": 121, "fields": {"action_time": "2023-01-23T12:50:31.228Z", "user": 1, "content_type": 28, "object_id": "9", "object_repr": "Statistique et Analyse de Données", "action_flag": 3, "change_message": ""}}, {"model": "admin.logentry", "pk": 122, "fields": {"action_time": "2023-01-23T12:50:31.230Z", "user": 1, "content_type": 28, "object_id": "8", "object_repr": "Géopolitique des objets", "action_flag": 3, "change_message": ""}}, {"model": "admin.logentry", "pk": 123, "fields": {"action_time": "2023-01-23T12:50:31.232Z", "user": 1, "content_type": 28, "object_id": "7", "object_repr": "Programmation avancée et algorithmie", "action_flag": 3, "change_message": ""}}, {"model": "admin.logentry", "pk": 124, "fields": {"action_time": "2023-01-23T12:50:31.235Z", "user": 1, "content_type": 28, "object_id": "6", "object_repr": "Deep Learning", "action_flag": 3, "change_message": ""}}, {"model": "admin.logentry", "pk": 125, "fields": {"action_time": "2023-01-23T12:50:31.237Z", "user": 1, "content_type": 28, "object_id": "5", "object_repr": "Théorie des jeux", "action_flag": 3, "change_message": ""}}, {"model": "admin.logentry", "pk": 126, "fields": {"action_time": "2023-01-23T12:50:31.239Z", "user": 1, "content_type": 28, "object_id": "4", "object_repr": "Processus stochastiques et applications", "action_flag": 3, "change_message": ""}}, {"model": "admin.logentry", "pk": 127, "fields": {"action_time": "2023-01-23T12:50:31.241Z", "user": 1, "content_type": 28, "object_id": "3", "object_repr": "Techniques de développement logiciel", "action_flag": 3, "change_message": ""}}, {"model": "admin.logentry", "pk": 128, "fields": {"action_time": "2023-01-23T12:50:31.244Z", "user": 1, "content_type": 28, "object_id": "2", "object_repr": "AnaCS", "action_flag": 3, "change_message": ""}}, {"model": "admin.logentry", "pk": 129, "fields": {"action_time": "2023-01-23T12:50:31.248Z", "user": 1, "content_type": 28, "object_id": "1", "object_repr": "Mécanique des milieux continus", "action_flag": 3, "change_message": ""}}, {"model": "admin.logentry", "pk": 130, "fields": {"action_time": "2023-01-23T12:50:39.948Z", "user": 1, "content_type": 40, "object_id": "24", "object_repr": "Timeslot object (24)", "action_flag": 3, "change_message": ""}}, {"model": "admin.logentry", "pk": 131, "fields": {"action_time": "2023-01-23T12:50:39.954Z", "user": 1, "content_type": 40, "object_id": "23", "object_repr": "Timeslot object (23)", "action_flag": 3, "change_message": ""}}, {"model": "admin.logentry", "pk": 132, "fields": {"action_time": "2023-01-23T12:50:39.957Z", "user": 1, "content_type": 40, "object_id": "22", "object_repr": "Timeslot object (22)", "action_flag": 3, "change_message": ""}}, {"model": "admin.logentry", "pk": 133, "fields": {"action_time": "2023-01-23T12:50:39.959Z", "user": 1, "content_type": 40, "object_id": "21", "object_repr": "Timeslot object (21)", "action_flag": 3, "change_message": ""}}, {"model": "admin.logentry", "pk": 134, "fields": {"action_time": "2023-01-23T12:50:39.962Z", "user": 1, "content_type": 40, "object_id": "20", "object_repr": "Timeslot object (20)", "action_flag": 3, "change_message": ""}}, {"model": "admin.logentry", "pk": 135, "fields": {"action_time": "2023-01-23T12:50:39.965Z", "user": 1, "content_type": 40, "object_id": "19", "object_repr": "Timeslot object (19)", "action_flag": 3, "change_message": ""}}, {"model": "admin.logentry", "pk": 136, "fields": {"action_time": "2023-01-23T12:50:39.967Z", "user": 1, "content_type": 40, "object_id": "18", "object_repr": "Timeslot object (18)", "action_flag": 3, "change_message": ""}}, {"model": "admin.logentry", "pk": 137, "fields": {"action_time": "2023-01-23T12:50:39.970Z", "user": 1, "content_type": 40, "object_id": "17", "object_repr": "Timeslot object (17)", "action_flag": 3, "change_message": ""}}, {"model": "admin.logentry", "pk": 138, "fields": {"action_time": "2023-01-23T12:50:39.972Z", "user": 1, "content_type": 40, "object_id": "16", "object_repr": "Timeslot object (16)", "action_flag": 3, "change_message": ""}}, {"model": "admin.logentry", "pk": 139, "fields": {"action_time": "2023-01-23T12:50:39.974Z", "user": 1, "content_type": 40, "object_id": "13", "object_repr": "Timeslot object (13)", "action_flag": 3, "change_message": ""}}, {"model": "admin.logentry", "pk": 140, "fields": {"action_time": "2023-01-23T12:50:39.976Z", "user": 1, "content_type": 40, "object_id": "12", "object_repr": "Timeslot object (12)", "action_flag": 3, "change_message": ""}}, {"model": "admin.logentry", "pk": 141, "fields": {"action_time": "2023-01-23T12:50:39.979Z", "user": 1, "content_type": 40, "object_id": "11", "object_repr": "Timeslot object (11)", "action_flag": 3, "change_message": ""}}, {"model": "admin.logentry", "pk": 142, "fields": {"action_time": "2023-01-23T12:50:39.981Z", "user": 1, "content_type": 40, "object_id": "10", "object_repr": "Timeslot object (10)", "action_flag": 3, "change_message": ""}}, {"model": "admin.logentry", "pk": 143, "fields": {"action_time": "2023-01-23T12:50:39.983Z", "user": 1, "content_type": 40, "object_id": "9", "object_repr": "Timeslot object (9)", "action_flag": 3, "change_message": ""}}, {"model": "admin.logentry", "pk": 144, "fields": {"action_time": "2023-01-23T12:50:39.985Z", "user": 1, "content_type": 40, "object_id": "8", "object_repr": "Timeslot object (8)", "action_flag": 3, "change_message": ""}}, {"model": "admin.logentry", "pk": 145, "fields": {"action_time": "2023-01-23T12:50:39.987Z", "user": 1, "content_type": 40, "object_id": "7", "object_repr": "Timeslot object (7)", "action_flag": 3, "change_message": ""}}, {"model": "admin.logentry", "pk": 146, "fields": {"action_time": "2023-01-23T12:50:39.990Z", "user": 1, "content_type": 40, "object_id": "6", "object_repr": "Timeslot object (6)", "action_flag": 3, "change_message": ""}}, {"model": "admin.logentry", "pk": 147, "fields": {"action_time": "2023-01-23T12:50:39.992Z", "user": 1, "content_type": 40, "object_id": "5", "object_repr": "Timeslot object (5)", "action_flag": 3, "change_message": ""}}, {"model": "admin.logentry", "pk": 148, "fields": {"action_time": "2023-01-23T12:50:39.994Z", "user": 1, "content_type": 40, "object_id": "4", "object_repr": "Timeslot object (4)", "action_flag": 3, "change_message": ""}}, {"model": "admin.logentry", "pk": 149, "fields": {"action_time": "2023-01-23T12:50:39.997Z", "user": 1, "content_type": 40, "object_id": "3", "object_repr": "Timeslot object (3)", "action_flag": 3, "change_message": ""}}, {"model": "admin.logentry", "pk": 150, "fields": {"action_time": "2023-01-23T12:50:39.999Z", "user": 1, "content_type": 40, "object_id": "2", "object_repr": "Timeslot object (2)", "action_flag": 3, "change_message": ""}}, {"model": "admin.logentry", "pk": 151, "fields": {"action_time": "2023-01-23T12:54:04.013Z", "user": 1, "content_type": 28, "object_id": "11", "object_repr": "Techniques de développement logiciel", "action_flag": 1, "change_message": "[{\"added\": {}}]"}}, {"model": "admin.logentry", "pk": 152, "fields": {"action_time": "2023-01-23T12:54:25.737Z", "user": 1, "content_type": 32, "object_id": "18", "object_repr": "Techniques de développement logiciel (1) : Xavier Clerc", "action_flag": 1, "change_message": "[{\"added\": {}}]"}}, {"model": "admin.logentry", "pk": 153, "fields": {"action_time": "2023-01-23T12:54:29.259Z", "user": 1, "content_type": 29, "object_id": "12", "object_repr": "Techniques de développement logiciel : root", "action_flag": 1, "change_message": "[{\"added\": {}}]"}}, {"model": "admin.logentry", "pk": 154, "fields": {"action_time": "2023-01-23T12:58:51.478Z", "user": 1, "content_type": 28, "object_id": "11", "object_repr": "Techniques de développement logiciel", "action_flag": 3, "change_message": ""}}, {"model": "admin.logentry", "pk": 155, "fields": {"action_time": "2023-01-23T12:58:58.614Z", "user": 1, "content_type": 30, "object_id": "10", "object_repr": "Axel Parmentier", "action_flag": 3, "change_message": ""}}, {"model": "admin.logentry", "pk": 156, "fields": {"action_time": "2023-01-23T12:58:58.620Z", "user": 1, "content_type": 30, "object_id": "9", "object_repr": "Julien Reynier", "action_flag": 3, "change_message": ""}}, {"model": "admin.logentry", "pk": 157, "fields": {"action_time": "2023-01-23T12:58:58.623Z", "user": 1, "content_type": 30, "object_id": "8", "object_repr": "Audrey Sérandour", "action_flag": 3, "change_message": ""}}, {"model": "admin.logentry", "pk": 158, "fields": {"action_time": "2023-01-23T12:58:58.626Z", "user": 1, "content_type": 30, "object_id": "7", "object_repr": "Pascal Monasse", "action_flag": 3, "change_message": ""}}, {"model": "admin.logentry", "pk": 159, "fields": {"action_time": "2023-01-23T12:58:58.628Z", "user": 1, "content_type": 30, "object_id": "6", "object_repr": "Professeur anonyme", "action_flag": 3, "change_message": ""}}, {"model": "admin.logentry", "pk": 160, "fields": {"action_time": "2023-01-23T12:58:58.630Z", "user": 1, "content_type": 30, "object_id": "5", "object_repr": "Bruno Zilitto", "action_flag": 3, "change_message": ""}}, {"model": "admin.logentry", "pk": 161, "fields": {"action_time": "2023-01-23T12:58:58.632Z", "user": 1, "content_type": 30, "object_id": "4", "object_repr": "Jean-François Delmas", "action_flag": 3, "change_message": ""}}, {"model": "admin.logentry", "pk": 162, "fields": {"action_time": "2023-01-23T12:58:58.634Z", "user": 1, "content_type": 30, "object_id": "3", "object_repr": "Xavier Clerc", "action_flag": 3, "change_message": ""}}, {"model": "admin.logentry", "pk": 163, "fields": {"action_time": "2023-01-23T12:58:58.636Z", "user": 1, "content_type": 30, "object_id": "2", "object_repr": "Gabriel Stoltz", "action_flag": 3, "change_message": ""}}, {"model": "admin.logentry", "pk": 164, "fields": {"action_time": "2023-01-23T12:58:58.638Z", "user": 1, "content_type": 30, "object_id": "1", "object_repr": "Luc Dormieux", "action_flag": 3, "change_message": ""}}, {"model": "admin.logentry", "pk": 165, "fields": {"action_time": "2023-01-23T12:59:05.394Z", "user": 1, "content_type": 40, "object_id": "26", "object_repr": "Timeslot object (26)", "action_flag": 3, "change_message": ""}}, {"model": "admin.logentry", "pk": 166, "fields": {"action_time": "2023-01-23T13:00:07.264Z", "user": 1, "content_type": 30, "object_id": "11", "object_repr": "Xavier Clerc", "action_flag": 1, "change_message": "[{\"added\": {}}]"}}, {"model": "admin.logentry", "pk": 167, "fields": {"action_time": "2023-01-23T13:00:12.007Z", "user": 1, "content_type": 28, "object_id": "12", "object_repr": "Techniques de développement logiciel", "action_flag": 1, "change_message": "[{\"added\": {}}]"}}, {"model": "admin.logentry", "pk": 168, "fields": {"action_time": "2023-01-23T13:00:27.032Z", "user": 1, "content_type": 32, "object_id": "19", "object_repr": "Techniques de développement logiciel (1) : Xavier Clerc", "action_flag": 1, "change_message": "[{\"added\": {}}]"}}, {"model": "admin.logentry", "pk": 169, "fields": {"action_time": "2023-01-23T13:00:57.890Z", "user": 1, "content_type": 29, "object_id": "13", "object_repr": "Techniques de développement logiciel : root", "action_flag": 1, "change_message": "[{\"added\": {}}]"}}, {"model": "admin.logentry", "pk": 170, "fields": {"action_time": "2023-01-23T13:01:02.790Z", "user": 1, "content_type": 29, "object_id": "13", "object_repr": "Techniques de développement logiciel : root", "action_flag": 3, "change_message": ""}}, {"model": "admin.logentry", "pk": 171, "fields": {"action_time": "2023-01-23T13:01:09.763Z", "user": 1, "content_type": 32, "object_id": "19", "object_repr": "Techniques de développement logiciel (1) : Xavier Clerc", "action_flag": 3, "change_message": ""}}, {"model": "admin.logentry", "pk": 172, "fields": {"action_time": "2023-01-23T13:01:13.699Z", "user": 1, "content_type": 28, "object_id": "12", "object_repr": "Techniques de développement logiciel", "action_flag": 3, "change_message": ""}}, {"model": "admin.logentry", "pk": 173, "fields": {"action_time": "2023-01-23T13:02:07.347Z", "user": 1, "content_type": 28, "object_id": "13", "object_repr": "Techniques de développement logiciel", "action_flag": 1, "change_message": "[{\"added\": {}}]"}}, {"model": "admin.logentry", "pk": 174, "fields": {"action_time": "2023-01-23T13:02:17.309Z", "user": 1, "content_type": 32, "object_id": "20", "object_repr": "Techniques de développement logiciel (1) : Xavier Clerc", "action_flag": 1, "change_message": "[{\"added\": {}}]"}}, {"model": "admin.logentry", "pk": 175, "fields": {"action_time": "2023-01-23T13:02:20.311Z", "user": 1, "content_type": 29, "object_id": "14", "object_repr": "Techniques de développement logiciel : root", "action_flag": 1, "change_message": "[{\"added\": {}}]"}}, {"model": "admin.logentry", "pk": 176, "fields": {"action_time": "2023-01-23T13:03:17.841Z", "user": 1, "content_type": 28, "object_id": "13", "object_repr": "Techniques de développement logiciel", "action_flag": 3, "change_message": ""}}, {"model": "admin.logentry", "pk": 177, "fields": {"action_time": "2023-01-23T13:03:23.946Z", "user": 1, "content_type": 30, "object_id": "11", "object_repr": "Xavier Clerc", "action_flag": 3, "change_message": ""}}, {"model": "admin.logentry", "pk": 178, "fields": {"action_time": "2023-01-23T13:03:30.403Z", "user": 1, "content_type": 12, "object_id": "4", "object_repr": "Formation Handimanagement", "action_flag": 3, "change_message": ""}}, {"model": "admin.logentry", "pk": 179, "fields": {"action_time": "2023-01-23T13:16:59.579Z", "user": 1, "content_type": 30, "object_id": "12", "object_repr": "Xavier Clerc", "action_flag": 1, "change_message": "[{\"added\": {}}]"}}, {"model": "admin.logentry", "pk": 180, "fields": {"action_time": "2023-01-23T13:17:17.476Z", "user": 1, "content_type": 28, "object_id": "14", "object_repr": "Techniques de développement logiciel", "action_flag": 1, "change_message": "[{\"added\": {}}]"}}, {"model": "admin.logentry", "pk": 181, "fields": {"action_time": "2023-01-23T13:17:41.292Z", "user": 1, "content_type": 30, "object_id": "13", "object_repr": "Axel Parmentier", "action_flag": 1, "change_message": "[{\"added\": {}}]"}}, {"model": "admin.logentry", "pk": 182, "fields": {"action_time": "2023-01-23T13:17:52.286Z", "user": 1, "content_type": 28, "object_id": "15", "object_repr": "Recherche opérationnelle", "action_flag": 1, "change_message": "[{\"added\": {}}]"}}, {"model": "admin.logentry", "pk": 183, "fields": {"action_time": "2023-01-23T13:18:44.619Z", "user": 1, "content_type": 30, "object_id": "14", "object_repr": "Mathieu Aubry", "action_flag": 1, "change_message": "[{\"added\": {}}]"}}, {"model": "admin.logentry", "pk": 184, "fields": {"action_time": "2023-01-23T13:18:49.079Z", "user": 1, "content_type": 28, "object_id": "16", "object_repr": "Deep Learning", "action_flag": 1, "change_message": "[{\"added\": {}}]"}}, {"model": "admin.logentry", "pk": 185, "fields": {"action_time": "2023-01-23T13:19:16.978Z", "user": 1, "content_type": 30, "object_id": "15", "object_repr": "Julien Reynier", "action_flag": 1, "change_message": "[{\"added\": {}}]"}}, {"model": "admin.logentry", "pk": 186, "fields": {"action_time": "2023-01-23T13:19:21.286Z", "user": 1, "content_type": 28, "object_id": "17", "object_repr": "Statistique et Analyse de Données", "action_flag": 1, "change_message": "[{\"added\": {}}]"}}, {"model": "admin.logentry", "pk": 187, "fields": {"action_time": "2023-01-23T13:19:44.601Z", "user": 1, "content_type": 32, "object_id": "21", "object_repr": "Techniques de développement logiciel : Xavier Clerc", "action_flag": 1, "change_message": "[{\"added\": {}}]"}}, {"model": "admin.logentry", "pk": 188, "fields": {"action_time": "2023-01-23T13:19:48.547Z", "user": 1, "content_type": 29, "object_id": "15", "object_repr": "Techniques de développement logiciel : root", "action_flag": 1, "change_message": "[{\"added\": {}}]"}}, {"model": "admin.logentry", "pk": 189, "fields": {"action_time": "2023-01-23T13:20:02.022Z", "user": 1, "content_type": 32, "object_id": "22", "object_repr": "Recherche opérationnelle : Axel Parmentier", "action_flag": 1, "change_message": "[{\"added\": {}}]"}}, {"model": "admin.logentry", "pk": 190, "fields": {"action_time": "2023-01-23T13:20:06.723Z", "user": 1, "content_type": 29, "object_id": "16", "object_repr": "Recherche opérationnelle : root", "action_flag": 1, "change_message": "[{\"added\": {}}]"}}, {"model": "admin.logentry", "pk": 191, "fields": {"action_time": "2023-01-23T13:20:17.503Z", "user": 1, "content_type": 32, "object_id": "23", "object_repr": "Deep Learning : Mathieu Aubry", "action_flag": 1, "change_message": "[{\"added\": {}}]"}}, {"model": "admin.logentry", "pk": 192, "fields": {"action_time": "2023-01-23T13:20:20.417Z", "user": 1, "content_type": 29, "object_id": "17", "object_repr": "Deep Learning : root", "action_flag": 1, "change_message": "[{\"added\": {}}]"}}, {"model": "admin.logentry", "pk": 193, "fields": {"action_time": "2023-01-23T13:20:30.168Z", "user": 1, "content_type": 32, "object_id": "24", "object_repr": "Statistique et Analyse de Données : Julien Reynier", "action_flag": 1, "change_message": "[{\"added\": {}}]"}}, {"model": "admin.logentry", "pk": 194, "fields": {"action_time": "2023-01-23T13:20:33.291Z", "user": 1, "content_type": 29, "object_id": "18", "object_repr": "Statistique et Analyse de Données : root", "action_flag": 1, "change_message": "[{\"added\": {}}]"}}, {"model": "admin.logentry", "pk": 195, "fields": {"action_time": "2023-01-23T13:22:08.617Z", "user": 1, "content_type": 29, "object_id": "18", "object_repr": "Statistique et Analyse de Données : root", "action_flag": 2, "change_message": "[{\"changed\": {\"fields\": [\"Group\"]}}]"}}, {"model": "admin.logentry", "pk": 196, "fields": {"action_time": "2023-01-23T13:25:03.504Z", "user": 1, "content_type": 30, "object_id": "16", "object_repr": "Jean-François Delmas", "action_flag": 1, "change_message": "[{\"added\": {}}]"}}, {"model": "admin.logentry", "pk": 197, "fields": {"action_time": "2023-01-23T13:25:07.124Z", "user": 1, "content_type": 28, "object_id": "18", "object_repr": "Processus stochastiques et applications", "action_flag": 1, "change_message": "[{\"added\": {}}]"}}, {"model": "admin.logentry", "pk": 198, "fields": {"action_time": "2023-01-23T13:25:17.636Z", "user": 1, "content_type": 32, "object_id": "29", "object_repr": "Processus stochastiques et applications : Jean-François Delmas", "action_flag": 1, "change_message": "[{\"added\": {}}]"}}, {"model": "admin.logentry", "pk": 199, "fields": {"action_time": "2023-01-23T13:25:21.575Z", "user": 1, "content_type": 29, "object_id": "19", "object_repr": "Processus stochastiques et applications : root", "action_flag": 1, "change_message": "[{\"added\": {}}]"}}, {"model": "admin.logentry", "pk": 200, "fields": {"action_time": "2023-01-23T13:29:12.016Z", "user": 1, "content_type": 12, "object_id": "5", "object_repr": "Formation Handimanagement", "action_flag": 2, "change_message": "[{\"changed\": {\"fields\": [\"Event\"]}}]"}}, {"model": "admin.logentry", "pk": 201, "fields": {"action_time": "2023-02-09T16:52:22.380Z", "user": 1, "content_type": 30, "object_id": "17", "object_repr": "Professeur anonyme", "action_flag": 1, "change_message": "[{\"added\": {}}]"}}, {"model": "admin.logentry", "pk": 202, "fields": {"action_time": "2023-02-09T16:52:29.283Z", "user": 1, "content_type": 28, "object_id": "19", "object_repr": "Semaine RSE", "action_flag": 1, "change_message": "[{\"added\": {}}]"}}, {"model": "admin.logentry", "pk": 203, "fields": {"action_time": "2023-02-09T16:52:41.503Z", "user": 1, "content_type": 32, "object_id": "30", "object_repr": "Semaine RSE : Professeur anonyme", "action_flag": 1, "change_message": "[{\"added\": {}}]"}}, {"model": "admin.logentry", "pk": 204, "fields": {"action_time": "2023-02-09T17:00:18.264Z", "user": 1, "content_type": 29, "object_id": "20", "object_repr": "Semaine RSE : root", "action_flag": 1, "change_message": "[{\"added\": {}}]"}}, {"model": "auth.permission", "pk": 1, "fields": {"name": "Can add log entry", "content_type": 1, "codename": "add_logentry"}}, {"model": "auth.permission", "pk": 2, "fields": {"name": "Can change log entry", "content_type": 1, "codename": "change_logentry"}}, {"model": "auth.permission", "pk": 3, "fields": {"name": "Can delete log entry", "content_type": 1, "codename": "delete_logentry"}}, {"model": "auth.permission", "pk": 4, "fields": {"name": "Can view log entry", "content_type": 1, "codename": "view_logentry"}}, {"model": "auth.permission", "pk": 5, "fields": {"name": "Can add permission", "content_type": 2, "codename": "add_permission"}}, {"model": "auth.permission", "pk": 6, "fields": {"name": "Can change permission", "content_type": 2, "codename": "change_permission"}}, {"model": "auth.permission", "pk": 7, "fields": {"name": "Can delete permission", "content_type": 2, "codename": "delete_permission"}}, {"model": "auth.permission", "pk": 8, "fields": {"name": "Can view permission", "content_type": 2, "codename": "view_permission"}}, {"model": "auth.permission", "pk": 9, "fields": {"name": "Can add group", "content_type": 3, "codename": "add_group"}}, {"model": "auth.permission", "pk": 10, "fields": {"name": "Can change group", "content_type": 3, "codename": "change_group"}}, {"model": "auth.permission", "pk": 11, "fields": {"name": "Can delete group", "content_type": 3, "codename": "delete_group"}}, {"model": "auth.permission", "pk": 12, "fields": {"name": "Can view group", "content_type": 3, "codename": "view_group"}}, {"model": "auth.permission", "pk": 13, "fields": {"name": "Can add user", "content_type": 4, "codename": "add_user"}}, {"model": "auth.permission", "pk": 14, "fields": {"name": "Can change user", "content_type": 4, "codename": "change_user"}}, {"model": "auth.permission", "pk": 15, "fields": {"name": "Can delete user", "content_type": 4, "codename": "delete_user"}}, {"model": "auth.permission", "pk": 16, "fields": {"name": "Can view user", "content_type": 4, "codename": "view_user"}}, {"model": "auth.permission", "pk": 17, "fields": {"name": "Can add content type", "content_type": 5, "codename": "add_contenttype"}}, {"model": "auth.permission", "pk": 18, "fields": {"name": "Can change content type", "content_type": 5, "codename": "change_contenttype"}}, {"model": "auth.permission", "pk": 19, "fields": {"name": "Can delete content type", "content_type": 5, "codename": "delete_contenttype"}}, {"model": "auth.permission", "pk": 20, "fields": {"name": "Can view content type", "content_type": 5, "codename": "view_contenttype"}}, {"model": "auth.permission", "pk": 21, "fields": {"name": "Can add session", "content_type": 6, "codename": "add_session"}}, {"model": "auth.permission", "pk": 22, "fields": {"name": "Can change session", "content_type": 6, "codename": "change_session"}}, {"model": "auth.permission", "pk": 23, "fields": {"name": "Can delete session", "content_type": 6, "codename": "delete_session"}}, {"model": "auth.permission", "pk": 24, "fields": {"name": "Can view session", "content_type": 6, "codename": "view_session"}}, {"model": "auth.permission", "pk": 25, "fields": {"name": "Can add feedback", "content_type": 7, "codename": "add_feedback"}}, {"model": "auth.permission", "pk": 26, "fields": {"name": "Can change feedback", "content_type": 7, "codename": "change_feedback"}}, {"model": "auth.permission", "pk": 27, "fields": {"name": "Can delete feedback", "content_type": 7, "codename": "delete_feedback"}}, {"model": "auth.permission", "pk": 28, "fields": {"name": "Can view feedback", "content_type": 7, "codename": "view_feedback"}}, {"model": "auth.permission", "pk": 29, "fields": {"name": "Can add proxy granting ticket", "content_type": 8, "codename": "add_proxygrantingticket"}}, {"model": "auth.permission", "pk": 30, "fields": {"name": "Can change proxy granting ticket", "content_type": 8, "codename": "change_proxygrantingticket"}}, {"model": "auth.permission", "pk": 31, "fields": {"name": "Can delete proxy granting ticket", "content_type": 8, "codename": "delete_proxygrantingticket"}}, {"model": "auth.permission", "pk": 32, "fields": {"name": "Can view proxy granting ticket", "content_type": 8, "codename": "view_proxygrantingticket"}}, {"model": "auth.permission", "pk": 33, "fields": {"name": "Can add session ticket", "content_type": 9, "codename": "add_sessionticket"}}, {"model": "auth.permission", "pk": 34, "fields": {"name": "Can change session ticket", "content_type": 9, "codename": "change_sessionticket"}}, {"model": "auth.permission", "pk": 35, "fields": {"name": "Can delete session ticket", "content_type": 9, "codename": "delete_sessionticket"}}, {"model": "auth.permission", "pk": 36, "fields": {"name": "Can view session ticket", "content_type": 9, "codename": "view_sessionticket"}}, {"model": "auth.permission", "pk": 37, "fields": {"name": "Can add event", "content_type": 10, "codename": "add_event"}}, {"model": "auth.permission", "pk": 38, "fields": {"name": "Can change event", "content_type": 10, "codename": "change_event"}}, {"model": "auth.permission", "pk": 39, "fields": {"name": "Can delete event", "content_type": 10, "codename": "delete_event"}}, {"model": "auth.permission", "pk": 40, "fields": {"name": "Can view event", "content_type": 10, "codename": "view_event"}}, {"model": "auth.permission", "pk": 41, "fields": {"name": "Can add shotgun", "content_type": 11, "codename": "add_shotgun"}}, {"model": "auth.permission", "pk": 42, "fields": {"name": "Can change shotgun", "content_type": 11, "codename": "change_shotgun"}}, {"model": "auth.permission", "pk": 43, "fields": {"name": "Can delete shotgun", "content_type": 11, "codename": "delete_shotgun"}}, {"model": "auth.permission", "pk": 44, "fields": {"name": "Can view shotgun", "content_type": 11, "codename": "view_shotgun"}}, {"model": "auth.permission", "pk": 45, "fields": {"name": "Can add post", "content_type": 12, "codename": "add_post"}}, {"model": "auth.permission", "pk": 46, "fields": {"name": "Can change post", "content_type": 12, "codename": "change_post"}}, {"model": "auth.permission", "pk": 47, "fields": {"name": "Can delete post", "content_type": 12, "codename": "delete_post"}}, {"model": "auth.permission", "pk": 48, "fields": {"name": "Can view post", "content_type": 12, "codename": "view_post"}}, {"model": "auth.permission", "pk": 49, "fields": {"name": "Can add participation", "content_type": 13, "codename": "add_participation"}}, {"model": "auth.permission", "pk": 50, "fields": {"name": "Can change participation", "content_type": 13, "codename": "change_participation"}}, {"model": "auth.permission", "pk": 51, "fields": {"name": "Can delete participation", "content_type": 13, "codename": "delete_participation"}}, {"model": "auth.permission", "pk": 52, "fields": {"name": "Can view participation", "content_type": 13, "codename": "view_participation"}}, {"model": "auth.permission", "pk": 53, "fields": {"name": "Can add comment", "content_type": 14, "codename": "add_comment"}}, {"model": "auth.permission", "pk": 54, "fields": {"name": "Can change comment", "content_type": 14, "codename": "change_comment"}}, {"model": "auth.permission", "pk": 55, "fields": {"name": "Can delete comment", "content_type": 14, "codename": "delete_comment"}}, {"model": "auth.permission", "pk": 56, "fields": {"name": "Can view comment", "content_type": 14, "codename": "view_comment"}}, {"model": "auth.permission", "pk": 57, "fields": {"name": "Can add alcohol", "content_type": 15, "codename": "add_alcohol"}}, {"model": "auth.permission", "pk": 58, "fields": {"name": "Can change alcohol", "content_type": 15, "codename": "change_alcohol"}}, {"model": "auth.permission", "pk": 59, "fields": {"name": "Can delete alcohol", "content_type": 15, "codename": "delete_alcohol"}}, {"model": "auth.permission", "pk": 60, "fields": {"name": "Can view alcohol", "content_type": 15, "codename": "view_alcohol"}}, {"model": "auth.permission", "pk": 61, "fields": {"name": "Can add category", "content_type": 16, "codename": "add_category"}}, {"model": "auth.permission", "pk": 62, "fields": {"name": "Can change category", "content_type": 16, "codename": "change_category"}}, {"model": "auth.permission", "pk": 63, "fields": {"name": "Can delete category", "content_type": 16, "codename": "delete_category"}}, {"model": "auth.permission", "pk": 64, "fields": {"name": "Can view category", "content_type": 16, "codename": "view_category"}}, {"model": "auth.permission", "pk": 65, "fields": {"name": "Can add club", "content_type": 17, "codename": "add_club"}}, {"model": "auth.permission", "pk": 66, "fields": {"name": "Can change club", "content_type": 17, "codename": "change_club"}}, {"model": "auth.permission", "pk": 67, "fields": {"name": "Can delete club", "content_type": 17, "codename": "delete_club"}}, {"model": "auth.permission", "pk": 68, "fields": {"name": "Can view club", "content_type": 17, "codename": "view_club"}}, {"model": "auth.permission", "pk": 69, "fields": {"name": "Can add nationality", "content_type": 18, "codename": "add_nationality"}}, {"model": "auth.permission", "pk": 70, "fields": {"name": "Can change nationality", "content_type": 18, "codename": "change_nationality"}}, {"model": "auth.permission", "pk": 71, "fields": {"name": "Can delete nationality", "content_type": 18, "codename": "delete_nationality"}}, {"model": "auth.permission", "pk": 72, "fields": {"name": "Can view nationality", "content_type": 18, "codename": "view_nationality"}}, {"model": "auth.permission", "pk": 73, "fields": {"name": "Can add promotion", "content_type": 19, "codename": "add_promotion"}}, {"model": "auth.permission", "pk": 74, "fields": {"name": "Can change promotion", "content_type": 19, "codename": "change_promotion"}}, {"model": "auth.permission", "pk": 75, "fields": {"name": "Can delete promotion", "content_type": 19, "codename": "delete_promotion"}}, {"model": "auth.permission", "pk": 76, "fields": {"name": "Can view promotion", "content_type": 19, "codename": "view_promotion"}}, {"model": "auth.permission", "pk": 77, "fields": {"name": "Can add role", "content_type": 20, "codename": "add_role"}}, {"model": "auth.permission", "pk": 78, "fields": {"name": "Can change role", "content_type": 20, "codename": "change_role"}}, {"model": "auth.permission", "pk": 79, "fields": {"name": "Can delete role", "content_type": 20, "codename": "delete_role"}}, {"model": "auth.permission", "pk": 80, "fields": {"name": "Can view role", "content_type": 20, "codename": "view_role"}}, {"model": "auth.permission", "pk": 81, "fields": {"name": "Can add student", "content_type": 21, "codename": "add_student"}}, {"model": "auth.permission", "pk": 82, "fields": {"name": "Can change student", "content_type": 21, "codename": "change_student"}}, {"model": "auth.permission", "pk": 83, "fields": {"name": "Can delete student", "content_type": 21, "codename": "delete_student"}}, {"model": "auth.permission", "pk": 84, "fields": {"name": "Can view student", "content_type": 21, "codename": "view_student"}}, {"model": "auth.permission", "pk": 85, "fields": {"name": "Can add membership", "content_type": 22, "codename": "add_membership"}}, {"model": "auth.permission", "pk": 86, "fields": {"name": "Can change membership", "content_type": 22, "codename": "change_membership"}}, {"model": "auth.permission", "pk": 87, "fields": {"name": "Can delete membership", "content_type": 22, "codename": "delete_membership"}}, {"model": "auth.permission", "pk": 88, "fields": {"name": "Can view membership", "content_type": 22, "codename": "view_membership"}}, {"model": "auth.permission", "pk": 89, "fields": {"name": "Can add club request", "content_type": 23, "codename": "add_clubrequest"}}, {"model": "auth.permission", "pk": 90, "fields": {"name": "Can change club request", "content_type": 23, "codename": "change_clubrequest"}}, {"model": "auth.permission", "pk": 91, "fields": {"name": "Can delete club request", "content_type": 23, "codename": "delete_clubrequest"}}, {"model": "auth.permission", "pk": 92, "fields": {"name": "Can view club request", "content_type": 23, "codename": "view_clubrequest"}}, {"model": "auth.permission", "pk": 93, "fields": {"name": "Can add good", "content_type": 24, "codename": "add_good"}}, {"model": "auth.permission", "pk": 94, "fields": {"name": "Can change good", "content_type": 24, "codename": "change_good"}}, {"model": "auth.permission", "pk": 95, "fields": {"name": "Can delete good", "content_type": 24, "codename": "delete_good"}}, {"model": "auth.permission", "pk": 96, "fields": {"name": "Can view good", "content_type": 24, "codename": "view_good"}}, {"model": "auth.permission", "pk": 97, "fields": {"name": "Can add transaction", "content_type": 25, "codename": "add_transaction"}}, {"model": "auth.permission", "pk": 98, "fields": {"name": "Can change transaction", "content_type": 25, "codename": "change_transaction"}}, {"model": "auth.permission", "pk": 99, "fields": {"name": "Can delete transaction", "content_type": 25, "codename": "delete_transaction"}}, {"model": "auth.permission", "pk": 100, "fields": {"name": "Can view transaction", "content_type": 25, "codename": "view_transaction"}}, {"model": "auth.permission", "pk": 101, "fields": {"name": "Can add price", "content_type": 26, "codename": "add_price"}}, {"model": "auth.permission", "pk": 102, "fields": {"name": "Can change price", "content_type": 26, "codename": "change_price"}}, {"model": "auth.permission", "pk": 103, "fields": {"name": "Can delete price", "content_type": 26, "codename": "delete_price"}}, {"model": "auth.permission", "pk": 104, "fields": {"name": "Can view price", "content_type": 26, "codename": "view_price"}}, {"model": "auth.permission", "pk": 105, "fields": {"name": "Can add trade admin", "content_type": 27, "codename": "add_tradeadmin"}}, {"model": "auth.permission", "pk": 106, "fields": {"name": "Can change trade admin", "content_type": 27, "codename": "change_tradeadmin"}}, {"model": "auth.permission", "pk": 107, "fields": {"name": "Can delete trade admin", "content_type": 27, "codename": "delete_tradeadmin"}}, {"model": "auth.permission", "pk": 108, "fields": {"name": "Can view trade admin", "content_type": 27, "codename": "view_tradeadmin"}}, {"model": "auth.permission", "pk": 109, "fields": {"name": "Can add course", "content_type": 28, "codename": "add_course"}}, {"model": "auth.permission", "pk": 110, "fields": {"name": "Can change course", "content_type": 28, "codename": "change_course"}}, {"model": "auth.permission", "pk": 111, "fields": {"name": "Can delete course", "content_type": 28, "codename": "delete_course"}}, {"model": "auth.permission", "pk": 112, "fields": {"name": "Can view course", "content_type": 28, "codename": "view_course"}}, {"model": "auth.permission", "pk": 113, "fields": {"name": "Can add enrolment", "content_type": 29, "codename": "add_enrolment"}}, {"model": "auth.permission", "pk": 114, "fields": {"name": "Can change enrolment", "content_type": 29, "codename": "change_enrolment"}}, {"model": "auth.permission", "pk": 115, "fields": {"name": "Can delete enrolment", "content_type": 29, "codename": "delete_enrolment"}}, {"model": "auth.permission", "pk": 116, "fields": {"name": "Can view enrolment", "content_type": 29, "codename": "view_enrolment"}}, {"model": "auth.permission", "pk": 117, "fields": {"name": "Can add teacher", "content_type": 30, "codename": "add_teacher"}}, {"model": "auth.permission", "pk": 118, "fields": {"name": "Can change teacher", "content_type": 30, "codename": "change_teacher"}}, {"model": "auth.permission", "pk": 119, "fields": {"name": "Can delete teacher", "content_type": 30, "codename": "delete_teacher"}}, {"model": "auth.permission", "pk": 120, "fields": {"name": "Can view teacher", "content_type": 30, "codename": "view_teacher"}}, {"model": "auth.permission", "pk": 121, "fields": {"name": "Can add update", "content_type": 31, "codename": "add_update"}}, {"model": "auth.permission", "pk": 122, "fields": {"name": "Can change update", "content_type": 31, "codename": "change_update"}}, {"model": "auth.permission", "pk": 123, "fields": {"name": "Can delete update", "content_type": 31, "codename": "delete_update"}}, {"model": "auth.permission", "pk": 124, "fields": {"name": "Can view update", "content_type": 31, "codename": "view_update"}}, {"model": "auth.permission", "pk": 125, "fields": {"name": "Can add group", "content_type": 32, "codename": "add_group"}}, {"model": "auth.permission", "pk": 126, "fields": {"name": "Can change group", "content_type": 32, "codename": "change_group"}}, {"model": "auth.permission", "pk": 127, "fields": {"name": "Can delete group", "content_type": 32, "codename": "delete_group"}}, {"model": "auth.permission", "pk": 128, "fields": {"name": "Can view group", "content_type": 32, "codename": "view_group"}}, {"model": "auth.permission", "pk": 129, "fields": {"name": "Can add course update", "content_type": 31, "codename": "add_courseupdate"}}, {"model": "auth.permission", "pk": 130, "fields": {"name": "Can change course update", "content_type": 31, "codename": "change_courseupdate"}}, {"model": "auth.permission", "pk": 131, "fields": {"name": "Can delete course update", "content_type": 31, "codename": "delete_courseupdate"}}, {"model": "auth.permission", "pk": 132, "fields": {"name": "Can view course update", "content_type": 31, "codename": "view_courseupdate"}}, {"model": "auth.permission", "pk": 133, "fields": {"name": "Can add resources", "content_type": 33, "codename": "add_resources"}}, {"model": "auth.permission", "pk": 134, "fields": {"name": "Can change resources", "content_type": 33, "codename": "change_resources"}}, {"model": "auth.permission", "pk": 135, "fields": {"name": "Can delete resources", "content_type": 33, "codename": "delete_resources"}}, {"model": "auth.permission", "pk": 136, "fields": {"name": "Can view resources", "content_type": 33, "codename": "view_resources"}}, {"model": "auth.permission", "pk": 137, "fields": {"name": "Can add resource", "content_type": 33, "codename": "add_resource"}}, {"model": "auth.permission", "pk": 138, "fields": {"name": "Can change resource", "content_type": 33, "codename": "change_resource"}}, {"model": "auth.permission", "pk": 139, "fields": {"name": "Can delete resource", "content_type": 33, "codename": "delete_resource"}}, {"model": "auth.permission", "pk": 140, "fields": {"name": "Can view resource", "content_type": 33, "codename": "view_resource"}}, {"model": "auth.permission", "pk": 141, "fields": {"name": "Can add crontab", "content_type": 34, "codename": "add_crontabschedule"}}, {"model": "auth.permission", "pk": 142, "fields": {"name": "Can change crontab", "content_type": 34, "codename": "change_crontabschedule"}}, {"model": "auth.permission", "pk": 143, "fields": {"name": "Can delete crontab", "content_type": 34, "codename": "delete_crontabschedule"}}, {"model": "auth.permission", "pk": 144, "fields": {"name": "Can view crontab", "content_type": 34, "codename": "view_crontabschedule"}}, {"model": "auth.permission", "pk": 145, "fields": {"name": "Can add interval", "content_type": 35, "codename": "add_intervalschedule"}}, {"model": "auth.permission", "pk": 146, "fields": {"name": "Can change interval", "content_type": 35, "codename": "change_intervalschedule"}}, {"model": "auth.permission", "pk": 147, "fields": {"name": "Can delete interval", "content_type": 35, "codename": "delete_intervalschedule"}}, {"model": "auth.permission", "pk": 148, "fields": {"name": "Can view interval", "content_type": 35, "codename": "view_intervalschedule"}}, {"model": "auth.permission", "pk": 149, "fields": {"name": "Can add periodic task", "content_type": 36, "codename": "add_periodictask"}}, {"model": "auth.permission", "pk": 150, "fields": {"name": "Can change periodic task", "content_type": 36, "codename": "change_periodictask"}}, {"model": "auth.permission", "pk": 151, "fields": {"name": "Can delete periodic task", "content_type": 36, "codename": "delete_periodictask"}}, {"model": "auth.permission", "pk": 152, "fields": {"name": "Can view periodic task", "content_type": 36, "codename": "view_periodictask"}}, {"model": "auth.permission", "pk": 153, "fields": {"name": "Can add periodic tasks", "content_type": 37, "codename": "add_periodictasks"}}, {"model": "auth.permission", "pk": 154, "fields": {"name": "Can change periodic tasks", "content_type": 37, "codename": "change_periodictasks"}}, {"model": "auth.permission", "pk": 155, "fields": {"name": "Can delete periodic tasks", "content_type": 37, "codename": "delete_periodictasks"}}, {"model": "auth.permission", "pk": 156, "fields": {"name": "Can view periodic tasks", "content_type": 37, "codename": "view_periodictasks"}}, {"model": "auth.permission", "pk": 157, "fields": {"name": "Can add solar event", "content_type": 38, "codename": "add_solarschedule"}}, {"model": "auth.permission", "pk": 158, "fields": {"name": "Can change solar event", "content_type": 38, "codename": "change_solarschedule"}}, {"model": "auth.permission", "pk": 159, "fields": {"name": "Can delete solar event", "content_type": 38, "codename": "delete_solarschedule"}}, {"model": "auth.permission", "pk": 160, "fields": {"name": "Can view solar event", "content_type": 38, "codename": "view_solarschedule"}}, {"model": "auth.permission", "pk": 161, "fields": {"name": "Can add clocked", "content_type": 39, "codename": "add_clockedschedule"}}, {"model": "auth.permission", "pk": 162, "fields": {"name": "Can change clocked", "content_type": 39, "codename": "change_clockedschedule"}}, {"model": "auth.permission", "pk": 163, "fields": {"name": "Can delete clocked", "content_type": 39, "codename": "delete_clockedschedule"}}, {"model": "auth.permission", "pk": 164, "fields": {"name": "Can view clocked", "content_type": 39, "codename": "view_clockedschedule"}}, {"model": "auth.permission", "pk": 165, "fields": {"name": "Can add timeslot", "content_type": 40, "codename": "add_timeslot"}}, {"model": "auth.permission", "pk": 166, "fields": {"name": "Can change timeslot", "content_type": 40, "codename": "change_timeslot"}}, {"model": "auth.permission", "pk": 167, "fields": {"name": "Can delete timeslot", "content_type": 40, "codename": "delete_timeslot"}}, {"model": "auth.permission", "pk": 168, "fields": {"name": "Can view timeslot", "content_type": 40, "codename": "view_timeslot"}}, {"model": "auth.user", "pk": 1, "fields": {"password": "pbkdf2_sha256$260000$rwYfoY2cuWzF1cVGcc3i1W$BSZfRLJqMvBnVjsXhA9ziXPer52laoin2dDSRNy8naU=", "last_login": "2023-02-14T17:43:52.349Z", "is_superuser": true, "username": "root", "first_name": "root", "last_name": "root", "email": "root@root.fr", "is_staff": true, "is_active": true, "date_joined": "2022-11-21T13:23:15Z", "groups": [], "user_permissions": []}}, {"model": "auth.user", "pk": 2, "fields": {"password": "pbkdf2_sha256$260000$Yqi7kb3qZj0QSdSJqo7vyZ$PlbG/tZzjvUyRcxDKrrF5sJvzYH3S7VZKSfhTZD0pKo=", "last_login": null, "is_superuser": false, "username": "Alice", "first_name": "Alice", "last_name": "Dupont", "email": "alice@enpc.fr", "is_staff": false, "is_active": true, "date_joined": "2022-11-21T13:41:56Z", "groups": [], "user_permissions": []}}, {"model": "auth.user", "pk": 3, "fields": {"password": "pbkdf2_sha256$260000$1TTh4aWI6O5eFgzG0mmW0S$NEiWelTCNahnmox0PDYx5HKVSbj3IjQ8E7RoY8PJoEA=", "last_login": null, "is_superuser": false, "username": "Bob", "first_name": "Bob", "last_name": "Dupont", "email": "bob@enpc.fr", "is_staff": false, "is_active": true, "date_joined": "2022-11-21T13:42:06Z", "groups": [], "user_permissions": []}}, {"model": "auth.user", "pk": 4, "fields": {"password": "pbkdf2_sha256$260000$ADHRVdAcPG7dYB2xgj1JXH$WXHgLnGYgK4rHjSOJceld3iXwnbAnEsc81GzAbz79NA=", "last_login": null, "is_superuser": false, "username": "Carol", "first_name": "Carol", "last_name": "Dupont", "email": "carol@enpc.fr", "is_staff": false, "is_active": true, "date_joined": "2022-11-21T13:42:11Z", "groups": [], "user_permissions": []}}, {"model": "auth.user", "pk": 5, "fields": {"password": "pbkdf2_sha256$260000$7euSy7bHgMTQy5dtOY5hqH$MTjYf7SjQvn9rTIGRZaPB63e8aaDeRl72YiLaDoaKEU=", "last_login": null, "is_superuser": false, "username": "Dave", "first_name": "Dave", "last_name": "Dupont", "email": "dave@enpc.fr", "is_staff": false, "is_active": true, "date_joined": "2022-11-21T13:42:16Z", "groups": [], "user_permissions": []}}, {"model": "contenttypes.contenttype", "pk": 1, "fields": {"app_label": "admin", "model": "logentry"}}, {"model": "contenttypes.contenttype", "pk": 2, "fields": {"app_label": "auth", "model": "permission"}}, {"model": "contenttypes.contenttype", "pk": 3, "fields": {"app_label": "auth", "model": "group"}}, {"model": "contenttypes.contenttype", "pk": 4, "fields": {"app_label": "auth", "model": "user"}}, {"model": "contenttypes.contenttype", "pk": 5, "fields": {"app_label": "contenttypes", "model": "contenttype"}}, {"model": "contenttypes.contenttype", "pk": 6, "fields": {"app_label": "sessions", "model": "session"}}, {"model": "contenttypes.contenttype", "pk": 7, "fields": {"app_label": "tellme", "model": "feedback"}}, {"model": "contenttypes.contenttype", "pk": 8, "fields": {"app_label": "django_cas_ng", "model": "proxygrantingticket"}}, {"model": "contenttypes.contenttype", "pk": 9, "fields": {"app_label": "django_cas_ng", "model": "sessionticket"}}, {"model": "contenttypes.contenttype", "pk": 10, "fields": {"app_label": "news", "model": "event"}}, {"model": "contenttypes.contenttype", "pk": 11, "fields": {"app_label": "news", "model": "shotgun"}}, {"model": "contenttypes.contenttype", "pk": 12, "fields": {"app_label": "news", "model": "post"}}, {"model": "contenttypes.contenttype", "pk": 13, "fields": {"app_label": "news", "model": "participation"}}, {"model": "contenttypes.contenttype", "pk": 14, "fields": {"app_label": "news", "model": "comment"}}, {"model": "contenttypes.contenttype", "pk": 15, "fields": {"app_label": "pochtron", "model": "alcohol"}}, {"model": "contenttypes.contenttype", "pk": 16, "fields": {"app_label": "social", "model": "category"}}, {"model": "contenttypes.contenttype", "pk": 17, "fields": {"app_label": "social", "model": "club"}}, {"model": "contenttypes.contenttype", "pk": 18, "fields": {"app_label": "social", "model": "nationality"}}, {"model": "contenttypes.contenttype", "pk": 19, "fields": {"app_label": "social", "model": "promotion"}}, {"model": "contenttypes.contenttype", "pk": 20, "fields": {"app_label": "social", "model": "role"}}, {"model": "contenttypes.contenttype", "pk": 21, "fields": {"app_label": "social", "model": "student"}}, {"model": "contenttypes.contenttype", "pk": 22, "fields": {"app_label": "social", "model": "membership"}}, {"model": "contenttypes.contenttype", "pk": 23, "fields": {"app_label": "social", "model": "clubrequest"}}, {"model": "contenttypes.contenttype", "pk": 24, "fields": {"app_label": "trade", "model": "good"}}, {"model": "contenttypes.contenttype", "pk": 25, "fields": {"app_label": "trade", "model": "transaction"}}, {"model": "contenttypes.contenttype", "pk": 26, "fields": {"app_label": "trade", "model": "price"}}, {"model": "contenttypes.contenttype", "pk": 27, "fields": {"app_label": "trade", "model": "tradeadmin"}}, {"model": "contenttypes.contenttype", "pk": 28, "fields": {"app_label": "courses", "model": "course"}}, {"model": "contenttypes.contenttype", "pk": 29, "fields": {"app_label": "courses", "model": "enrolment"}}, {"model": "contenttypes.contenttype", "pk": 30, "fields": {"app_label": "courses", "model": "teacher"}}, {"model": "contenttypes.contenttype", "pk": 31, "fields": {"app_label": "courses", "model": "courseupdate"}}, {"model": "contenttypes.contenttype", "pk": 32, "fields": {"app_label": "courses", "model": "group"}}, {"model": "contenttypes.contenttype", "pk": 33, "fields": {"app_label": "courses", "model": "resource"}}, {"model": "contenttypes.contenttype", "pk": 34, "fields": {"app_label": "django_celery_beat", "model": "crontabschedule"}}, {"model": "contenttypes.contenttype", "pk": 35, "fields": {"app_label": "django_celery_beat", "model": "intervalschedule"}}, {"model": "contenttypes.contenttype", "pk": 36, "fields": {"app_label": "django_celery_beat", "model": "periodictask"}}, {"model": "contenttypes.contenttype", "pk": 37, "fields": {"app_label": "django_celery_beat", "model": "periodictasks"}}, {"model": "contenttypes.contenttype", "pk": 38, "fields": {"app_label": "django_celery_beat", "model": "solarschedule"}}, {"model": "contenttypes.contenttype", "pk": 39, "fields": {"app_label": "django_celery_beat", "model": "clockedschedule"}}, {"model": "contenttypes.contenttype", "pk": 40, "fields": {"app_label": "courses", "model": "timeslot"}}, {"model": "sessions.session", "pk": "et2v8zv9w3k4qyhvsuuekik5ks27c8ip", "fields": {"session_data": ".eJxVzMEKwjAQBNB_2bOUpkl3E4-C3xE2u5EUtYptTuK_a6CHehvmDfOGyHUtsS75FSeFIxg47LvEcs1zg_p8zGvXpDvfebqdNvmbF15KOwmMQRIPyTg__rIOzhEhW0d-zL7vg-FgFcWRMHnSoKpo8WIsMgp8voyhMIs:1pJwuJ:2yZ9AeGUmgvoVn2c5Sg7_Q9ta-PZJELj1PtHgQw-9rI", "expire_date": "2023-02-06T13:30:43.777Z"}}, {"model": "sessions.session", "pk": "iseidzm52w5t82u5gq8ma2wobabvyefv", "fields": {"session_data": ".eJxVzMEKwjAQBNB_2bOUpkl3E4-C3xE2u5EUtYptTuK_a6CHehvmDfOGyHUtsS75FSeFIxg47LvEcs1zg_p8zGvXpDvfebqdNvmbF15KOwmMQRIPyTg__rIOzhEhW0d-zL7vg-FgFcWRMHnSoKpo8WIsMgp8voyhMIs:1ox6lc:k5gqJKzMglBB9Qe0q1kKmZMDy0fmXhHIRQWIE1NWtVw", "expire_date": "2022-12-05T13:23:20.541Z"}}, {"model": "sessions.session", "pk": "kcxf1yy00lg9ymdvtyu7bhxcrnc7btp3", "fields": {"session_data": ".eJxVzMEKwjAQBNB_2bOUpkl3E4-C3xE2u5EUtYptTuK_a6CHehvmDfOGyHUtsS75FSeFIxg47LvEcs1zg_p8zGvXpDvfebqdNvmbF15KOwmMQRIPyTg__rIOzhEhW0d-zL7vg-FgFcWRMHnSoKpo8WIsMgp8voyhMIs:1pCMEX:7L8F-g0lEkkqZkWl3aCF40GZ2uCg739vkQSup5qFoqs", "expire_date": "2023-01-16T14:56:13.430Z"}}, {"model": "sessions.session", "pk": "kmied15tezyi9v67bycky4jhe5bugegy", "fields": {"session_data": ".eJxVjssOwiAQRf-FtSmlUB5dmvgdzZRBIdbS8FgZ_12adKGruZkz92TeZIZa_FyzS3NAMhFGLr-7BezTbQeoe9xKd5Du9oKwXk_yd-4h-0NiQBq7wLAwoceWcRBCKQlcKD063feGgeEorVAWlFZoEFFyeWdcgrRNGlN4hK25fCn7ROkaLaw-5jK1dk9trCm7fE7KFEVX2leZfL4KXUTD:1pSHoz:mGYt4oMg3yyaIdZe7iohzHR0QfY4IMd2jPfuaO-T_uA", "expire_date": "2023-03-01T13:27:41.291Z"}}, {"model": "sessions.session", "pk": "te8fyo9yq9x5j3syu38uxdljtzp1n2sn", "fields": {"session_data": ".eJxVjEEOwiAQRe_C2pRS6ABdmniOZgooxAqk0Lgw3l2auNDd_Hn_vxeZca9-3ovb5mDJRBg5_f4WNHcXD7DnFGt3kO7ywLCev-Sv7rH4Q6IRtFlwWJhQY7vtIISUgFxINTrV95qh5haMkAalklZba4HDlXFAME2atnALsbl8rXmidE0GV59Kndq6p9E9C80tUvL-ACcsPzQ:1p4kN9:U3DTgCO1srw0z6k3eo1Qsal_7LTJ7UzfdHSHpQLQ9ww", "expire_date": "2022-12-26T15:05:39.526Z"}}, {"model": "sessions.session", "pk": "txs4b001f8sxrdedkmb8po7kei4qkppe", "fields": {"session_data": ".eJxVzMEKwjAQBNB_2bOUpkl3E4-C3xE2u5EUtYptTuK_a6CHehvmDfOGyHUtsS75FSeFIxg47LvEcs1zg_p8zGvXpDvfebqdNvmbF15KOwmMQRIPyTg__rIOzhEhW0d-zL7vg-FgFcWRMHnSoKpo8WIsMgp8voyhMIs:1pC5Aq:lHyE61uo8wgFLU49lAFwkAmMlHmUdWyQrxtwccB7DOc", "expire_date": "2023-01-15T20:43:16.329Z"}}, {"model": "django_celery_beat.crontabschedule", "pk": 1, "fields": {"minute": "0", "hour": "4", "day_of_week": "*", "day_of_month": "*", "month_of_year": "*", "timezone": "UTC"}}, {"model": "django_celery_beat.crontabschedule", "pk": 2, "fields": {"minute": "0", "hour": "0", "day_of_week": "*", "day_of_month": "*", "month_of_year": "*", "timezone": "UTC"}}, {"model": "django_celery_beat.periodictasks", "pk": 1, "fields": {"last_update": "2023-02-15T13:33:58.830Z"}}, {"model": "django_celery_beat.periodictask", "pk": 1, "fields": {"name": "celery.backend_cleanup", "task": "celery.backend_cleanup", "interval": null, "crontab": 1, "solar": null, "clocked": null, "args": "[]", "kwargs": "{}", "queue": null, "exchange": null, "routing_key": null, "headers": "{}", "priority": null, "expires": null, "expire_seconds": 43200, "one_off": false, "start_time": null, "enabled": true, "last_run_at": null, "total_run_count": 0, "date_changed": "2023-02-15T13:33:58.484Z", "description": ""}}, {"model": "django_celery_beat.periodictask", "pk": 2, "fields": {"name": "Update courses timeslots", "task": "courses.tasks.update_timeslots", "interval": null, "crontab": 2, "solar": null, "clocked": null, "args": "[200]", "kwargs": "{}", "queue": null, "exchange": null, "routing_key": null, "headers": "{}", "priority": null, "expires": null, "expire_seconds": null, "one_off": false, "start_time": null, "enabled": true, "last_run_at": null, "total_run_count": 0, "date_changed": "2023-02-15T13:33:58.800Z", "description": ""}}, {"model": "news.event", "pk": 12, "fields": {"name": "Open Bar", "description": "OB", "club": 1, "date": "2022-12-15T22:00:00Z", "end": "2022-12-16T04:00:00Z", "location": "Java club", "poster": "", "shotgun": null, "participants": [5]}}, {"model": "news.event", "pk": 13, "fields": {"name": "Soirée jeux vidéos", "description": "LAN", "club": 2, "date": "2022-12-12T19:00:00Z", "end": "2022-12-13T00:00:00Z", "location": "P314-P315", "poster": "", "shotgun": null, "participants": [5]}}, {"model": "news.event", "pk": 14, "fields": {"name": "Conférence La Tribune", "description": "Conf", "club": 2, "date": "2022-12-15T14:00:00Z", "end": "2022-12-15T17:00:00Z", "location": "Cauchy", "poster": "", "shotgun": null, "participants": [5]}}, {"model": "news.event", "pk": 15, "fields": {"name": "Soutien scolaire DVP", "description": "soutien", "club": 2, "date": "2022-12-13T16:00:00Z", "end": "2022-12-13T18:00:00Z", "location": "P228", "poster": "", "shotgun": null, "participants": [5]}}, {"model": "news.event", "pk": 16, "fields": {"name": "Formation Handimanagement", "description": "Formation Handimanagement", "club": 2, "date": "2023-01-24T15:00:00Z", "end": "2023-01-24T18:00:00Z", "location": "V404", "poster": "", "shotgun": null, "participants": [5]}}, {"model": "news.event", "pk": 17, "fields": {"name": "Open Bar", "description": "Open Bar", "club": 2, "date": "2023-01-25T22:00:00Z", "end": "2023-01-26T04:00:00Z", "location": "Paris", "poster": "", "shotgun": null, "participants": [5]}}, {"model": "news.post", "pk": 5, "fields": {"title": "Formation Handimanagement", "author": 5, "club": null, "date": "2023-01-23T13:05:01Z", "illustration": "post_illustrations/001_Handimanagement-700x394_fhjiLJG.jpg", "content": "Envie de savoir intégrer au maximum les personnes en situation de handicap une fois en entreprise ? D'être conscient des enjeux liés à la diversité et au handicap ? L'association Companieros propose une formation Handimanagement pour toi !\r\nLa formation Handimanagement consiste en un parcours de formation en ligne durant 8 heures en tout, étalées sur 2 mois, à faire quand vous voulez/quand vous pouvez. À l'issue de la formation vous obtiendrez un label Handimanagement, véritable atout sur votre CV. Ce label atteste que vous avez acquis des compétences managériales, changé de regard sur un sujet parfois méconnu, et que vous êtes prêts à devenir acteur d'une société qui donne une place à chacun.\r\nCette fois-ci c'est Artelia (à la place de Dassault) qui sponsorise la formation et offre la formation à 10 étudiants (d'une valeur unitaire de 350€).", "event": 16, "likes": [5], "dislikes": []}}, {"model": "news.post", "pk": 7, "fields": {"title": "Polycopié corrigé", "author": 5, "club": null, "date": "2023-02-15T13:27:28.317Z", "illustration": "", "content": "Polycopié avec exercices corrigés", "event": null, "likes": [], "dislikes": []}}, {"model": "social.promotion", "pk": 1, "fields": {"year": 24, "name": "Promauviette", "nickname": "024"}}, {"model": "social.nationality", "pk": 1, "fields": {"nationality": "Française", "short_nationality": "FR"}}, {"model": "social.role", "pk": 1, "fields": {"name": "Présidente"}}, {"model": "social.role", "pk": 2, "fields": {"name": "Président"}}, {"model": "social.student", "pk": 1, "fields": {"user": 2, "promo": 1, "department": "IMI", "gender": "Femme", "origin": "Concours Commun", "phone_number": null, "picture": "", "nationality": 1}}, {"model": "social.student", "pk": 2, "fields": {"user": 3, "promo": 1, "department": "GCC", "gender": "Femme", "origin": "Concours Commun", "phone_number": null, "picture": "", "nationality": 1}}, {"model": "social.student", "pk": 3, "fields": {"user": 4, "promo": 1, "department": "GMM", "gender": "Femme", "origin": "Concours Commun", "phone_number": null, "picture": "", "nationality": 1}}, {"model": "social.student", "pk": 4, "fields": {"user": 5, "promo": 1, "department": "GI", "gender": "Homme", "origin": "Concours Commun", "phone_number": null, "picture": "", "nationality": 1}}, {"model": "social.student", "pk": 5, "fields": {"user": 1, "promo": 1, "department": "1A", "gender": "Autre", "origin": "Concours Commun", "phone_number": null, "picture": "", "nationality": 1}}, {"model": "social.category", "pk": 1, "fields": {"name": "Soirées"}}, {"model": "social.category", "pk": 2, "fields": {"name": "Informatique"}}, {"model": "social.club", "pk": 1, "fields": {"name": "Foyer", "nickname": "Foyer", "logo": "", "background_picture": "", "description": "Foyer des Ponts", "active": true, "has_fee": false, "category": [1]}}, {"model": "social.club", "pk": 2, "fields": {"name": "Club Informatique", "nickname": "KI", "logo": "", "background_picture": "", "description": "Club Informatique des Ponts", "active": true, "has_fee": false, "category": [2]}}, {"model": "social.membership", "pk": 1, "fields": {"is_admin": true, "is_old": false, "role": 1, "club": 2, "student": 1}}, {"model": "social.membership", "pk": 2, "fields": {"is_admin": true, "is_old": false, "role": 2, "club": 1, "student": 2}}, {"model": "social.membership", "pk": 3, "fields": {"is_admin": true, "is_old": false, "role": 2, "club": 2, "student": 5}}, {"model": "courses.teacher", "pk": 12, "fields": {"name": "Xavier Clerc"}}, {"model": "courses.teacher", "pk": 13, "fields": {"name": "Axel Parmentier"}}, {"model": "courses.teacher", "pk": 14, "fields": {"name": "Mathieu Aubry"}}, {"model": "courses.teacher", "pk": 15, "fields": {"name": "Julien Reynier"}}, {"model": "courses.teacher", "pk": 16, "fields": {"name": "Jean-François Delmas"}}, {"model": "courses.teacher", "pk": 17, "fields": {"name": "Professeur anonyme"}}, {"model": "courses.course", "pk": 14, "fields": {"name": "Techniques de développement logiciel", "acronym": "TDLOG", "department": "IMI", "teacher": 12, "description": "TDLOG", "posts": []}}, {"model": "courses.course", "pk": 15, "fields": {"name": "Recherche opérationnelle", "acronym": "REOP", "department": "GI", "teacher": 13, "description": "REOP", "posts": []}}, {"model": "courses.course", "pk": 16, "fields": {"name": "Deep Learning", "acronym": "DEEPL", "department": "IMI", "teacher": 14, "description": "DEEPL", "posts": []}}, {"model": "courses.course", "pk": 17, "fields": {"name": "Statistique et Analyse de Données", "acronym": "STAT", "department": "IMI", "teacher": 15, "description": "STAT", "posts": [7]}}, {"model": "courses.course", "pk": 18, "fields": {"name": "Processus stochastiques et applications", "acronym": "SPA", "department": "IMI", "teacher": 16, "description": "SPA", "posts": []}}, {"model": "courses.course", "pk": 19, "fields": {"name": "Semaine RSE", "acronym": "O2RSE", "department": "SEGF", "teacher": 17, "description": "Semaine RSE", "posts": []}}, {"model": "courses.group", "pk": 21, "fields": {"course": 14, "teacher": 12, "number": null}}, {"model": "courses.group", "pk": 22, "fields": {"course": 15, "teacher": 13, "number": null}}, {"model": "courses.group", "pk": 23, "fields": {"course": 16, "teacher": 14, "number": null}}, {"model": "courses.group", "pk": 24, "fields": {"course": 17, "teacher": 15, "number": null}}, {"model": "courses.group", "pk": 25, "fields": {"course": 17, "teacher": 15, "number": 1}}, {"model": "courses.group", "pk": 26, "fields": {"course": 17, "teacher": 15, "number": 2}}, {"model": "courses.group", "pk": 27, "fields": {"course": 17, "teacher": 15, "number": 3}}, {"model": "courses.group", "pk": 28, "fields": {"course": 17, "teacher": 15, "number": 4}}, {"model": "courses.group", "pk": 29, "fields": {"course": 18, "teacher": 16, "number": null}}, {"model": "courses.group", "pk": 30, "fields": {"course": 19, "teacher": 17, "number": null}}, {"model": "courses.enrolment", "pk": 15, "fields": {"is_old": false, "group": 21, "student": 5}}, {"model": "courses.enrolment", "pk": 16, "fields": {"is_old": false, "group": 22, "student": 5}}, {"model": "courses.enrolment", "pk": 17, "fields": {"is_old": false, "group": 23, "student": 5}}, {"model": "courses.enrolment", "pk": 19, "fields": {"is_old": false, "group": 29, "student": 5}}, {"model": "courses.enrolment", "pk": 20, "fields": {"is_old": false, "group": 30, "student": 5}}, {"model": "courses.enrolment", "pk": 23, "fields": {"is_old": false, "group": 25, "student": 5}}, {"model": "courses.enrolment", "pk": 24, "fields": {"is_old": false, "group": 24, "student": 5}}, {"model": "courses.timeslot", "pk": 28, "fields": {"start": "2023-01-25T07:30:00Z", "end": "2023-01-25T09:00:00Z", "place": "salle P 012", "course_groups": [22]}}, {"model": "courses.timeslot", "pk": 29, "fields": {"start": "2023-01-25T09:15:00Z", "end": "2023-01-25T10:15:00Z", "place": "Cauchy 232+6 PMR", "course_groups": [22]}}, {"model": "courses.timeslot", "pk": 30, "fields": {"start": "2023-01-25T12:45:00Z", "end": "2023-01-25T15:30:00Z", "place": "salle P 203", "course_groups": [23]}}, {"model": "courses.timeslot", "pk": 31, "fields": {"start": "2023-01-27T12:00:00Z", "end": "2023-01-27T15:30:00Z", "place": "salle F 102", "course_groups": [25]}}, {"model": "courses.timeslot", "pk": 32, "fields": {"start": "2023-01-27T12:00:00Z", "end": "2023-01-27T15:30:00Z", "place": "salle F 103", "course_groups": [26]}}, {"model": "courses.timeslot", "pk": 33, "fields": {"start": "2023-01-27T12:00:00Z", "end": "2023-01-27T15:30:00Z", "place": "salle F 107", "course_groups": [27]}}, {"model": "courses.timeslot", "pk": 34, "fields": {"start": "2023-01-27T12:00:00Z", "end": "2023-01-27T15:30:00Z", "place": "salle F 108", "course_groups": [28]}}, {"model": "courses.timeslot", "pk": 35, "fields": {"start": "2023-01-23T07:30:00Z", "end": "2023-01-23T10:30:00Z", "place": "Cauchy 232+6 PMR", "course_groups": [29]}}, {"model": "courses.timeslot", "pk": 36, "fields": {"start": "2023-01-23T12:45:00Z", "end": "2023-01-23T16:00:00Z", "place": "salle P 202", "course_groups": [21]}}, {"model": "courses.resource", "pk": 2, "fields": {"name": "Ressource", "author": 5, "date": "2023-01-02T15:53:08Z", "file": "", "post": null}}, {"model": "courses.resource", "pk": 3, "fields": {"name": "PolycopieÌ 2022-2023.pdf", "author": 5, "date": "2023-02-15T13:27:28.317Z", "file": "ressources/PolycopieÌ_2022-2023.pdf", "post": 7}}]